base_key,base_number,base_name,base_type,base_telephone_number,website,base_address
3152,B03152,EXIT LUXURY INC.,BLACK-CAR,(718)472-9800,,29 - 10   36 AVENUE LONGISLAND CITY NY 11106
3036,B03036,ZYNC INC,BLACK-CAR,(718)482-1818,,12-04   44 AVENUE LIC NY 11101
171,B00171,CURB TRANSPORTATION SERVICES LLC.,LIVERY,(718)222-0600,WWW.CURBTRANSPORTATION.COM,11 - 11   34 AVENUE ASTORIA NY 11106
1899,B01899,"ALLSTATE PRIVATE CAR & LIMO,INC",BLACK-CAR,(212)741-1562,,241   37 STREET STE#1-4-B443 BROOKLYN NY 11232
3038,B03038,"SOUTH BRONX TRANSPORTATION,INC.",BLACK-CAR,(347)590-7005,WWW.SOUTHBRONXTRANS.COM,250 BROOK AVENUE BRONX NY 10454
3407,B03407,ZOOM TRANSIT INC,BLACK-CAR,(718)583-9100,,2078 CROSS BRONX EXPRESSWAY BRONX NY 10472
2932,B02932,GRAND TRANSPORTATION SERVICES INC,BLACK-CAR,(718)433-4255,WWW.GRANDLIMONY.COM,36-13   32 STREET LIC NY 11106
2902,B02902,NY CAR & LIMO SERVICES INC.,BLACK-CAR,(718)255-1798,WWW.NYINSURANCEB.COM,71-16   35 AVENUE JACKSON HEIGHTS NY 11372
3494,B03494,NYC WHEELS CAR SERVICE INC.,BLACK-CAR,(718)621-4888,,653 EAST    5 STREET BROOKLYN NY 11218
3703,B03703,ABDEL TRANSPORTATION INC.,BLACK-CAR,(347)638-5737,ABDELTRANSPORTATIONBK.COM,97 GRAHAM AVENUE BROOKLYN NY 11206
2972,B02972,BLESSING TRANSPORTATION GROUP INC,BLACK-CAR,(917)473-7373,WWW.BLESSINGTRANSPORTATIONGROUP.COM,1890 RANDALL AVENUE BRONX NY 10473
1593,B01593,"NOVAK GLOBAL, INC.",LIVERY,(718)591-7000,,77-35  164 STREET FLUSHING NY 11366
647,B00647,KISS CAR SERVICE INC,LIVERY,(718)733-1111,,2811 WHITE PLAINS ROAD BRONX NY 10467
3470,B03470,IMPERIUM TRANS GROUP INC,BLACK-CAR,(646)887-3189,,7Z FRANKLIN ROAD GREAT NECK NY 11024
3016,B03016,BEST DEAL BLACK INC.,BLACK-CAR,(718)515-5555,WWW.BESTDEALCARSERVICE.COM,757 A BURKE AVENUE BRONX NY 10467
2849,B02849,BROOKLYN RIDES CORP,BLACK-CAR,(718)218-6900,WWW.BROOKLYNRIDES.NYC,86 - 40   96 STREET WOODHAVEN NY 11421
3228,B03228,LIQUID FOX TRANSPORTATION CORP.,BLACK-CAR,(917)962-9640,,605 EAST  132 STREET BRONX NY 10454
2719,B02719,"49 WESTCHESTER SQUARE PRESTIGE CAR SERVICE, CORP.",LIVERY,(718)536-2800,,49 WESTCHESTER SQUARE BRONX NY 10461
2550,B02550,AGAPE LUXURY CORP.,BLACK-CAR,(718)585-2222,,361 EAST GUN HILL ROAD BRONX NY 10467
1536,B01536,FIRST CLASS C/L SVC CORP,LIVERY,(212)304-1111,,4980 BROADWAY NEW YORK NY 10034
2390,B02390,TEL AVIV CAR & LIMOUSINE SERVICE INC.,LIVERY,(800)222-9888,,43-23   35 STREET LIC NY 11101
1196,B01196,DIPLO RAD DISP INC,LIVERY,(718)365-8585,,2633 WEBSTER AVENUE BRONX NY 10458
1128,B01128,PAK-EAGLE INC.,LIVERY,(718)575-1212,,72-55 KISSENA BOULEVARD FLUSHING NY 11367
1339,B01339,R C AUDUBON SVC INC,LIVERY,(212)923-8787,,2224 AMSTERDAM AVENUE NEW YORK NY 10032
1243,B01243,EILAT TRANSPORTATION CORP,LIVERY,(718)376-1122,,1601 VOORHIES AVENUE BROOKLYN NY 11235
3478,B03478,NY CLASSIC CAR & LIMO INC,BLACK-CAR,(212)207-0059,,147 48 ROOSEVELT AVENUE SUITE L7 FLUSHING NY 11354
3336,B03336,GET BETTER TRANSPORTATION LLC.,BLACK-CAR,(914)426-3006,,368    9 AVENUE NEW YORK NY 10001
3392,B03392,CHURCH EXPRESS LUXURY INC,BLACK-CAR,(718)633-4477,CHURCHAVEEXPRESS.COM,99 CHURCH AVENUE BROOKLYN NY 11218
3002,B03002,"REYNO,INC.",BLACK-CAR,(212)923-6800,WWW.REYNOINC.NET,609 WEST  175 STREET NEW YORK NY 10033
3461,B03461,VIBRANT TRANSPORTATION INC,BLACK-CAR,(718)799-4444,FASTCABNY.COM,1097 LIBERTY AVENUE BROOKLYN NY 11208
1639,B01639,HIGH CLASS LIMO CAR SVCE CORP,LIVERY,(212)926-1021,,1700 JEROME AVENUE BRONX NY 10453
3396,B03396,ADAMES GROUP INC,BLACK-CAR,(212)202-0737,,368    9 AVENUE 6TH FLOOR NEW YORK NY 10001
2537,B02537,ALLTOWN LIMO CORP.,LIVERY,(718)543-7777,,206 WEST  231 STREET BRONX NY 10463
3119,B03119,CHINA TRANSIT LLC.,BLACK-CAR,(917)553-9896,,135-25A   40 ROAD 3FL FLUSHING NY 11354
2219,B02219,ALL QUEENS CAR & LIMOUSINE INC.,LIVERY,(718)392-1234,,46-17 VERNON BOULEVARD LIC NY 11101
2492,B02492,"EZCAR.COM, LLC",BLACK-CAR,(718)965-6150,,712 THIRD AVENUE BROOKLYN NY 11232
3173,B03173,ABIAN TRANSPORTATION INC.,BLACK-CAR,(718)879-7070,ABIANTRANS.COM,1441 - 49 E L GRANT HIGHWAY BRONX NY 10452
2912,B02912,FIRST CLASS LUXURY INC,BLACK-CAR,(212)304-0452,,4980 BROADWAY NEW YORK NY 10034
3471,B03471,ABX PREMIUM CORP,BLACK-CAR,(718)328-8080,,1963 SOUTHERN BOULEVARD SUIT A BRONX NY 10460
2453,B02453,MCW CAR & LIMO INC.,BLACK-CAR,(718)387-0700,,355 UNION AVENUE BROOKLYN NY 11211
3055,B03055,EXPLORER EXPRESS INC,BLACK-CAR,(718)238-0224,EXPLOREREXPRESS.COM,6809    3 AVENUE BROOKLYN NY 11220
1065,B01065,EL BARRIO'S CAR SERVICE LLC,LIVERY,(212)722-5555,WWW.ELBARRIOSCARSERVICE.COM,220 EAST  116 STREET NEW YORK NY 10029
3157,B03157,CAPRICE CAR SERVICE CORP.,BLACK-CAR,(718)424-9300,WWW.CAPRICECARSERVICE1.COM,54 - 04 ROOSEVELT AVENUE WOODSIDE NY 11377
937,B00937,RIVERSIDE RADIO DISPATCHER,LIVERY,(212)923-1111,WWW.RIVERSIDECARLIMO.COM,1642 ST NICHOLAS AVENUE NEW YORK NY 10040
3404,B03404,"UBER USA, LLC",BLACK-CAR,(646)780-0129,,1515 THIRD STREET SAN FRANCISCO CA 94158
3308,B03308,B.S.Z. LUXURY BLACK CAR INC.,BLACK-CAR,(718)400-8338,,80-06  101 AVENUE OZONE PARK NY 11416
2971,B02971,"ULTRA BLACK CAR TRANSPORTATION, CORP.",BLACK-CAR,(718)992-9162,,277 EAST  165 STREET BRONX NY 10456
1437,B01437,MERENGUE LIMO & C/S INC,LIVERY,(718)658-5700,,135-10 JAMAICA AVENUE RICHMOND HILL NY 11418
2772,B02772,"TAP & RIDE,INC.",BLACK-CAR,(718)480-6660,,86-11 LEFFERTS BOULEVARD SUITE 2A RICHMOND HILL NY 11418
2249,B02249,"LA RAZA CAR SERVICE, INC.",LIVERY,(718)397-1111,,80-01   31 AVENUE EAST ELMHURST NY 11370
1726,B01726,SUPER CLASS RADIO DISP INC,LIVERY,(718)367-2222,WWW.SUPERCLASS.COM,1831 GRAND CONCOURSE BRONX NY 10453
3049,B03049,"RIVERSIDE CLASSIC, INC.",BLACK-CAR,(212)543-6263,RIVERSIDECLASSIC.COM,1642 ST NICHOLAS AVENUE NEW YORK NY 10040
235,B00235,"ARISTACAR & LIMOUSINE, LTD.",BLACK-CAR,(718)643-3900,ARISTACAR.COM,241   37 STREET STE#1-4-B443 BROOKLYN NY 11232
3600,B03600,S.S SUPPORT INC,BLACK-CAR,(718)727-7772,,3742   72 STREET 2 FL JACKSON HEIGHTS NY 11372
3109,B03109,ROLUX INC,BLACK-CAR,(917)865-2793,,160-23 ROCKAWAY BOULEVARD SUITE 4 JAMAICA NY 11434
2657,B02657,MALCOLM LIMO EXPRESS CORP.,LIVERY,(212)690-4000,WWW.MALCOLMLIMOEXPRESS.COM,2548    8 AVENUE NEW YORK NY 10030
2822,B02822,MILKY WAY LIMO CORP,BLACK-CAR,(718)674-6277,,75-19 PARSONS BOULEVARD FRESH MEADOWS NY 11366
3252,B03252,CITY WAV CORP.,BLACK-CAR,(646)789-3399,,547   92 STREET GROUND FLOOR BROOKLYN NY 11209
3416,B03416,ADF TRANSPORTATION LLC,BLACK-CAR,(347)663-6299,,499 EAST  138 STREET BRONX NY 10454
2997,B02997,KALUMA TRANSPORTATION GROUP INC.,BLACK-CAR,(718)548-2222,,3107 KINGSBRIDGE AVENUE BRONX NY 10463
3164,B03164,KISS LUXURY TRANSPORTATION INC.,BLACK-CAR,(718)367-0303,WWW.KISSCAR@MSN.COM,2811 WHITE PLAINS ROAD BRONX NY 10467
3436,B03436,AKI MOBILITY INC,BLACK-CAR,(929)209-6765,AKIMOBILITY.COM,11-48   46 ROAD LONGISLAND CITY NY 11101
3529,B03529,NEW WILLIAMSBURG LUXURY CORP,BLACK-CAR,(718)561-0442,,220 MARCUS GARVEY BOULEVARD BROOKLYN NY 11221
2987,B02987,7 WAYS TRANSPORTATION CORP.,BLACK-CAR,(718)255-5644,WWW.7WAYSTRANSPORTATION.COM,2387 WESTCHESTER AVENUE BRONX NY 10461
2162,B02162,A B C SHUTTLE SERVICES CORPORATION,LIVERY,(718)322-7777,WWW.ABCLUXURYCARSER.COM,141-36 ROCKAWAY BOULEVARD JAMAICA NY 11436
310,B00310,WATSON CAR SERVICE INC.,LIVERY,(718)991-8484,,1681 BRUCKNER BOULEVARD BRONX NY 10472
1601,B01601,YOURS CAR SERVICE INC,LIVERY,(718)680-5200,,7205    3 AVENUE BROOKLYN NY 11209
1745,B01745,AZUAY CORPORATION,LIVERY,(718)738-4444,,96-04 LIBERTY AVENUE OZONE PARK NY 11417
3450,B03450,SYDNEY LUXURY LIMO INC.,BLACK-CAR,(347)524-2008,,53 WEST 48TH STREET B1 BAYONNE NJ 07002
821,B00821,ATLANTIC CAR SVCE,LIVERY,(718)277-1111,WWW.ATLANTICCARSERVICE.NET,3207 FULTON STREET BROOKLYN NY 11208
653,B00653,ROYAL CAR & LIMO SERVICE INC.,LIVERY,(718)323-3333,,104-09  109 STREET SORICHMOND HILL NY 11419
3599,B03599,STARLIMO OF NYC CORP,BLACK-CAR,(646)525-0147,,211 E 43RD STREET SUITE #616 NEW YORK NY 10017
2855,B02855,JUNIORS LUXURY INC,BLACK-CAR,(718)940-1212,,1509 CORTELYOU ROAD BROOKLYN NY 11226
3523,B03523,"AVENTUS RIDE, INC",BLACK-CAR,(718)218-4422,WWW.AVENTUSRIDE.COM,2825 THIRD AVENUE SUITE C5 BRONX NY 10455
3061,B03061,BLUE EAGLE TRANSPORTATION SERVICES CORP,BLACK-CAR,(718)483-8388,BLUETRANSPORTATIONCORP.WORDPRESS.COM,325 SOUNDVIEW AVENUE FLOOR 1 BRONX NY 10473
3021,B03021,ALBAJOSH TRANSPORT CORP,BLACK-CAR,(718)927-0001,,3440 ATLANTIC AVENUE BROOKLYN NY 11208
3142,B03142,"COOL WAY TECHNOLOGY, INC.",BLACK-CAR,(718)247-7277,,300 CADMAN PLAZA WEST 12 FL BROOKLYN NY 11201
3348,B03348,APPLE CITY CAR INC,BLACK-CAR,(917)415-8580,,8 W 126TH STREET 3RD FLOOR NEW YORK NY 10027
3615,B03615,FST LIMOUSINE INC,BLACK-CAR,(718)709-1052,,134 LIBERTY STREET DEER PARK NY 11729
3198,B03198,"DD & SON, LLC.",BLACK-CAR,(917)567-4082,,7 MARCUS GARVEY BOULEVARD STE#316 BROOKLYN NY 11206
3634,B03634,URIDE LIMO LLC,BLACK-CAR,(516)985-7609,,100 DUFFY AVE SUITE 510 HICKSVILE NY 11801
412,B00412,NYC 2 WAY INTERNATIONAL LTD,BLACK-CAR,(718)643-3900,WWW.NYC2WAY.COM,241   37 STREET STE#1-4-B443 BROOKLYN NY 11232
3709,B03709,FARISHTA 2020 INC.,BLACK-CAR,(516)665-0462,,100 DUFFY AVE STE 510 HICKSVILLE NY 11801
1312,B01312,BROOKLYN RADIO DISPATCHER INC,LIVERY,(718)384-4444,BROOKLYNDISPATCH.COM,95-11 JAMAICA AVENUE JAMAICA NY 11421
2795,B02795,LIMO SEVEN TRANSPORTATION INC,BLACK-CAR,(646)462-5191,,653 EAST    5 STREET 1ST FLOOR BROOKLYN NY 11218
3513,B03513,"AMP TRANSPORTATION MANAGEMENT, LLC.",BLACK-CAR,(718)400-1267,,1303 ALLERTON AVENUE BRONX NY 10469
1239,B01239,BEST DEAL PVT C/S INC,LIVERY,(718)798-5555,,757A BURKE AVENUE BRONX NY 10467
1949,B01949,FIRST CLASS OF NEW YORK INC.,BLACK-CAR,(718)643-6053,,241   37 STREET STE#1-4-B443 BROOKLYN NY 11232
3208,B03208,MACOMBS TRANSPORTION CORP.,BLACK-CAR,(718)889-1595,,695 EAST  132 STREET SUITE 1C BRONX NY 10454
2799,B02799,CHURCH AVENUE EXPRESS INC,LIVERY,(718)633-8444,,99 CHURCH AVENUE BROOKLYN NY 11218
3215,B03215,BALAYIRA LLC,BLACK-CAR,(917)295-9550,,2738 FREDERICK DOUGLASS BOULEVARD NEW YORK NY 10039
1626,B01626,LA NUEVA QUISQUEYA C/S INC,LIVERY,(718)206-1616,,87-38  148 STREET BRIARWOOD NY 11435
3218,B03218,CHOICE TRANSPORTATION CORP.,BLACK-CAR,(929)243-4333,CHOICETRANSPORTATIONCORP.COM,31-00   47 AVENUE SUITE 3100 LIC NY 11101
3085,B03085,A & A AMAZOON TRANSPORTATION INC.,BLACK-CAR,(718)495-4444,WWWW.WDIAMONDLIMO.COM,107-04   37 AVENUE CORONA NY 11368
3562,B03562,MEP LUXURY TRANSPORTATION INC,BLACK-CAR,(646)549-3981,,307 WEST 38TH STREET SUITE#1640 NEW YORK NY 10018
3181,B03181,EVEREST LUXURY CORP,BLACK-CAR,(315)400-3255,WWW.EVERESTLUXURYCORP.COM,2322 ARTHUR AVENUE SUITE 212A BRONX NY 10458
2838,B02838,THA MAYA CAR SERVICE INC,BLACK-CAR,(917)564-5451,,6121   17 AVENUE BROOKLYN NY 11204
3120,B03120,ABIX TRANSPORTATION CORP,BLACK-CAR,(718)684-2224,WWW.ABIXTRANSPORTATION.COM,7 SKYLINE DRIVE HAWTHORNE NY 10532
3259,B03259,LATINO EXECUTIVE INC,BLACK-CAR,(718)699-0700,,109-20 CORONA AVENUE 1ST FLR CORONA NY 11368
1777,B01777,PREMIUM RADIO DISP & MULTI SVC,LIVERY,(212)694-2222,,425 EDGECOMBE AVENUE NEW YORK NY 10032
3462,B03462,IMPERIAL TP CAR SERVICE INC,BLACK-CAR,(718)901-0070,IMPERIALTPCS.COM,2207 JEROME AVE BSMT BRONX NY 10453
2819,B02819,FIVE STAR LUXURY INC.,BLACK-CAR,(718)940-0044,,787 CONEY ISLAND AVENUE BROOKLYN NY 11218
3651,B03651,VANELI NYC LLC,BLACK-CAR,(347)893-9190,,4105   69 STREET FLUSHING NY 11377
3662,B03662,MA9A CORP,BLACK-CAR,(347)404-4440,,1674 MCDONALD AVENUE BROOKLYN NY 11230
2437,B02437,"EXCELLENT CAR & LIMO SERVICE, INC.",LIVERY,(718)731-7777,,144 EAST  174 STREET BRONX NY 10457
692,B00692,"CHEERS DISPATCH,INC.",LIVERY,(718)965-4242,,6202 NEW UTRECHT AVENUE BROOKLYN NY 11219
3346,B03346,ASHER TRANSPORTATION INC,BLACK-CAR,(914)888-6454,,729 LIBERTY AVENUE BROOKLYN NY 11208
3060,B03060,EASTLAND BLACK CARS CORP,BLACK-CAR,(718)338-8100,,2982 NOSTRAND AVENUE BROOKLYN NY 11229
3102,B03102,METRO LUXURY INC,BLACK-CAR,(718)665-5079,,625 EAST  137 STREET BRONX NY 10454
1469,B01469,"BROTHERS CAR SERVICE, INC.",LIVERY,(718)235-1100,,241 CRESCENT STREET BROOKLYN NY 11208
3304,B03304,ADRIS TRANSPORTATION INC,BLACK-CAR,(718)734-2771,WWW.ADRISTRANSPORTATION.COM,73 MARKET STREET 3RD FLOOR YONKERS NY 10710
3349,B03349,RIDGEWAY TRANSIT INC,BLACK-CAR,(718)748-4444,RIDGEWAYTRANSIT.COM,6809    3 AVENUE BROOKLYN NY 11220
1717,B01717,HIGH CLASS BRONX LIMO C/S CORP,LIVERY,(718)933-1111,,2269 HAMPDEN PLACE BRONX NY 10468
706,B00706,"VIC & BAY CAR SERVICE, INC",LIVERY,(718)447-2500,,337 VAN DUZER STREET STATEN ISLAND NY 10304
3502,B03502,UNNIFIRST CAR SERVICE CORP.,BLACK-CAR,(718)924-6666,,2929 THIRD AVENUE 2ND FLOOR BRONX NY 10455
3282,B03282,HOLY TRANSPORTATION CORP.,BLACK-CAR,(718)684-7711,,2929 3RD AVENUE SUITE 4 BRONX NY 10455
2245,B02245,OCEANA CAR AND LIMO,LIVERY,(718)375-1001,,2395 CONEY ISLAND AVENUE BROOKLYN NY 11223
802,B00802,BELL CAR SVC INC,LIVERY,(718)833-2929,GOBELLNY.COM,405   51 STREET BROOKLYN NY 11220
3705,B03705,SUNNAT 7667 INC,BLACK-CAR,(718)308-3644,,1507 WEST   10 STREET BROOKLYN NY 11204
446,B00446,COMMUNICAR INCORPORATED,BLACK-CAR,(718)418-1100,,73-10   88 STREET GLENDALE NY 11385
448,B00448,DIAL CAR INC.,BLACK-CAR,(718)743-8042,WWW.DIALCAR.COM,2104 AVENUE X BROOKLYN NY 11235
3406,B03406,"TRI-CITY,LLC",BLACK-CAR,(415)475-8459,,441    9 AVENUE 2ND FLOOR NEW YORK NY 10001
3380,B03380,ELECTRIC PEPPERS LLC,BLACK-CAR,(631)629-7678,,273 SOUTH    5 STREET SUITE 301 BROOKLYN NY 11211
1087,B01087,ELITE LIMO PLUS INC,BLACK-CAR,(718)472-2300,,32-72 GALE AVENUE LIC NY 11101
3398,B03398,HR LUXURY CORP.,BLACK-CAR,(347)271-6664,HTTPS://HR-LUXURYCORP.COM,2488 GRAND CONCOURSE SUITE 314 BRONX NY 10458
3161,B03161,LA MEXICANA EXPRESS 2 INC.,BLACK-CAR,(718)437-3535,LAMEXEXPRESS2.COM,4611    5 AVENUE BROOKLYN NY 11220
3042,B03042,BAYRIDGE EXPRESS LUXYRY INC,BLACK-CAR,(718)238-3000,,377 BAYRIDGE AVENUE BROOKLYN NY 11220
1176,B01176,SANTO DOMINGO CAR LIMO SERVICES INC,LIVERY,(718)699-5959,,96-28 ALSTYNE AVENUE ELMHURST NY 11373
1285,B01285,UNION RADIO DISPATCH INC,LIVERY,(718)583-0222,WWW.UNIONCARLIMO.COM,69 FEATHERBED LANE BRONX NY 10452
2881,B02881,DIANE CAR AND LIMO SERVICE LLC,BLACK-CAR,(718)544-4444,DIANETRANSPORTATION.COM,71-19   80 STREET SUITE# 8310 RIDGEWOOD NY 11385
3659,B03659,RIVERDALE LUXURY CORP.,BLACK-CAR,(212)304-1515,,444 WEST  259 STREET SUITE# 300 BRONX NY 10471
3537,B03537,MAX LUXURY CORP.,BLACK-CAR,(718)941-5900,WWW.MAXLUXURXCARS.COM,1623 CORTELYOU RD BROOKLYN NY 11226
2003,B02003,"AVALON CORPORATE CAR,INC.",BLACK-CAR,(718)438-3666,,1751 BATH AVENUE BROOKLYN NY 11214
2749,B02749,FACE LIMO INC,BLACK-CAR,(718)433-7697,,111-15A ROOSEVELT AVENUE 1FL CORONA NY 11368
2133,B02133,"TWR CAR & LIMO, INC.",BLACK-CAR,(718)643-2200,,241   37 STREET STE#1-4-B460 BROOKLYN NY 11232
3455,B03455,JT TRANSPORTATION CO INC,BLACK-CAR,(718)669-5589,,1225 FRANKLIN AVE 325 GARDEN CITY NY 11530
837,B00837,"CAREY LIMOUSINE NY, INC",LUXURY,(718)777-0890,,24-59   47 STREET LIC NY 11103
1970,B01970,GRAFE STREET SERVICE CORP.,LUXURY,(212)343-0300,,282 AVENUE U BROOKLYN NY 11223
254,B00254,XYZ TWO WAY RADIO,BLACK-CAR,(718)768-7333,,32 ADELE STREET STATEN ISLAND NY 10305
3671,B03671,SARDAR LIMOUSINE LLC,BLACK-CAR,(908)801-5007,,621 VILLIAGE DR. EDISON NJ 08817
3364,B03364,A & M IKEA INC.,BLACK-CAR,(718)333-5766,,9126 4TH AVEUNE BROOKLYN NY 11209
3557,B03557,"SPACELINKS,LLC",BLACK-CAR,(646)401-1042,WWW.SPACELYNKS.COM,136 MADISON AVENUE 5TH FLOOR NEW YORK NY 10016
2905,B02905,PUEBLA LUXURY CORP,BLACK-CAR,(718)633-5454,WWW.PUEBLALUXURY.COM,3916    9 AVENUE BROOKLYN NY 11232
2256,B02256,"EUROPE LIMOUSINE SERVICE, INC.",BLACK-CAR,(201)477-3200,WWW.EUROPE-LIMO.COM,24 FARVIEW TERRACE PARAMUS NJ 07652
3538,B03538,XLR8 TRANSPORTATION INC,BLACK-CAR,(646)919-5075,HYBRIDAUTO.NYC,13-11   44 AVENUE LONGISLAND CITY NY 11101
1061,B01061,DAT RADIO DISP INC,LIVERY,(718)328-8888,,650 SOUNDVIEW AVENUE BRONX NY 10473
2930,B02930,V.I.T. BLACK CAR TRANSPORTATION CORP.,BLACK-CAR,(718)904-8080,,1478 WHITE PLAINS ROAD BRONX NY 10462
13,B00013,LOVE CORPORATE CAR INC,BLACK-CAR,(718)633-3333,,1751 BATH AVENUE BROOKLYN NY 11214
887,B00887,DIAL 7 CAR & LIMOUSINE SERVICE INC.,LIVERY,(212)777-7777,DIAL7.COM,43-23   35 STREET LIC NY 11101
3105,B03105,MAZNA TRANSPORTATION CORPORATION,BLACK-CAR,(703)639-8075,,507   40 STREET BROOKLYN NY 11232
1016,B01016,810 CAR SVCE CORP,LIVERY,(718)235-3480,WWW.810CARSERVICE.COM,2672 PITKIN AVENUE BROOKLYN NY 11208
2856,B02856,MARIACHI CAR SERVICE INC,BLACK-CAR,(347)466-4749,MARIACHICARSERVICE.COM,1254 CASTLETON AVENUE STATEN ISLAND NY 10310
3177,B03177,BERNICE SERVICES INC,BLACK-CAR,(718)574-8888,,252 JAVA STREET UNIT 101 BROOKLYN NY 11222
1644,B01644,MUSIC EXPRESS/N.Y. INC,LUXURY,(212)736-5405,WWW.MUSICEXPRESS.COM,674 CLIFTON AVENUE CLIFTON NJ 07011
3092,B03092,USA LIMOUSINE SERVICE CORP,LUXURY,(718)561-2872,WWW.USAEXECUTIVELIMOUSINE.COM,520 WHITE PLAINS RD SUITE 500 TARRY TOWN NY 10591
3656,B03656,EZGO MANAGEMENT INC,BLACK-CAR,(718)635-1988,,7509 PARSONS BOULEVARD 2ND FLOOR FLUSHING NY 11366
1273,B01273,PUERTO RICO CAR SERVICE INC.,LIVERY,(718)443-7777,,1072 BROADWAY BROOKLYN NY 11221
3315,B03315,BRISK CAR SERVICE INC.,BLACK-CAR,(347)820-6444,WWW.BRISKCARSERVICE.COM,495 CLAREMONT PARKWAY STORE #2 BRONX NY 10457
2814,B02814,BELL LX INC,BLACK-CAR,(718)593-1683,,405   51 STREET BROOKLYN NY 11220
3297,B03297,ABA LUXURY CAR INC.,LUXURY,(718)755-6639,,45-35   39 STREET SUNNYSIDE NY 11104
2563,B02563,FENIX XL CAR AND LIMO SERVICE CORP.,BLACK-CAR,(718)821-2121,,586 SENECA AVENUE RIDGEWOOD NY 11385
2462,B02462,TIFFANY'S CAR SERVICE INC.,LIVERY,(718)961-7070,,13-26  133 PLACE COLLEGE POINT NY 11356
2027,B02027,"PARIS LIMOUSINE SERVICE, CORP",LUXURY,(718)396-1100,PLSNYC.COM,37-21 VERNON BOULEVARD LIC NY 11101
3646,B03646,TRANSPORT NEW WAY INC,BLACK-CAR,(718)905-0290,,70-18   35 AVENUE FLUSHING NY 11372
1485,B01485,FLAMINGO TRANSP. & LIMO. SERVICES INC.,LIVERY,(718)493-4307,FLAMINGOCARSERVICE.COM,5924 GLENWOOD ROAD BROOKLYN NY 11234
2465,B02465,7 STAR CAR & LIMOUSINE INC.,LIVERY,(718)707-6166,,43-23   35 STREET LONG ISLAND CIT NY 11101
3592,B03592,BOOK A CAR INC,BLACK-CAR,(475)242-8689,,66 MIDDLESEX AVE SUITE 204 ISELIN NJ 08830
111,B00111,SKYLINE CREDIT RIDE INC,BLACK-CAR,(718)482-8585,WWW.SKYLINERIDE.COM,37-02   48 AVENUE LIC NY 11101
3419,B03419,M'S BLACK CAR INC,BLACK-CAR,(718)787-5800,,238 JUNIUS STREET BROOKLYN NY 11212
531,B00531,"FRIENDLY BEST-WAY TRANSPORTATION, INC.",LIVERY,(718)252-6363,,1448 CONEY ISLAND AVENUE BROOKLYN NY 11230
477,B00477,INTA-BORO ACRES INC,BLACK-CAR,(718)845-1705,,88-19  101 AVENUE JAMAICA NY 11416
3572,B03572,CENTRAL TRANSPORTATION BLACK CAR CORP.,BLACK-CAR,(718)335-4141,WWW.CENTRALBLACKCAR.COM,90-03   31 AVENUE EAST ELMHURST NY 11369
2899,B02899,NEW BLACK LUXURY CARS CORP,BLACK-CAR,(718)388-7777,NEWBROOKLYNCARS.COM,390 BROADWAY BROOKLYN NY 11211
3254,B03254,TEMPO TRANSPORTATION CORP.,BLACK-CAR,(917)442-1822,,34-18 NORTHERN BOULEVARD LIC NY 11101
3689,B03689,RIDE JOURNEY LLC,BLACK-CAR,(607)357-7085,RIDEJOURNEYSLLC.COM,2488 GRAND CONCOURSE STE 314 RM A BRONX NY 10458
827,B00827,"CASTLE CAR SERVICE, INC",LIVERY,(718)499-9333,,440    4 AVENUE BROOKLYN NY 11215
1079,B01079,THE METRO MARINE CAR SERVICE INC,LIVERY,(718)745-5555,,9425    5 AVENUE BROOKLYN NY 11209
3393,B03393,PARK LANE US SERVICE CORP,BLACK-CAR,(917)485-8032,PARKLANETRANSPROT.COM,115 NORTH BROADWAY HICKSVILLE NY 11801
1336,B01336,BAY EXPRESS CORP.,LIVERY,(718)232-3434,WWW.BAYEXPRESS.NET,2134   86 STREET BROOKLYN NY 11214
3321,B03321,"CRESCENT LUXURY CLS, INC.",LUXURY,(631)662-0284,WWW.CRESCENTLUXURYCLS.COM,14 MARIEL COURT CENTEREACT NY 11720
3637,B03637,LUX TRAVELY INC,BLACK-CAR,(973)609-5696,,139 WASHINGTON STREET EAST ORANGE NJ 07017
3333,B03333,ABSOLUTE CAR SERVICE CORP.,BLACK-CAR,(718)792-9222,,729 BURKE AVENUE SUITE - A BRONX NY 10467
2360,B02360,PRISTINE TRANSPORTATION GROUP LLC.,BLACK-CAR,(212)599-4444,,35-28   19 AVENUE ASTORIA NY 11105
789,B00789,VITAL TRANSPORTATION INC.,BLACK-CAR,(718)472-2500,,41-24   38 STREET LIC NY 11101
1800,B01800,EMPIRE INTERNATIONAL LTD.,LUXURY,(201)784-1200,WWW.EMPIRECLS.COM,225 MEADOWLANDS PARKWAY SECAUCUS NJ 07094
3554,B03554,LEGACY RIDES LLC.,BLACK-CAR,(718)676-7232,,8 WEST   126TH STREET NEW YORK NY 10027
3200,B03200,L & J LOGISTICS CORP.,BLACK-CAR,(718)618-0222,,912 SOUNDVIEW AVENUE OFFICE #3 BRONX NY 10473
3604,B03604,CHANTO777 INC,BLACK-CAR,(929)329-7887,,114-04 BEACH CHANNEL DRIVE FAR ROCKAWAY NY 11694
280,B00280,FLEET RADIO DISPATCH CORP.,BLACK-CAR,(718)651-7300,WWW.MINUTEMENLIMO.COM,55 NORTH CENTRAL AVENUE VALLEY STREAM NY 11580
2461,B02461,NEW HEAVEN RADIO DISPATCH CORP,LIVERY,(212)923-1212,,1059 ST NICHOLAS AVENUE NEW YORK NY 10032
53,B00053,CHARGE AND RIDE INC,BLACK-CAR,(718)392-1824,CHARGEANDRIDE.COM,41-24   38 STREET LIC NY 11101
272,B00272,BIG APPLE CAR INC,BLACK-CAR,(718)236-8765,,169 BAY   17 STREET BROOKLYN NY 11214
14,B00014,NY ONE CORP CAR INC,BLACK-CAR,(718)438-7474,,1751 BATH AVENUE BROOKLYN NY 11214
3565,B03565,"WINDSOR LIMO, INC",BLACK-CAR,(212)677-1100,WWW.WINDSORLIMO.COM,163 MINEOLA BLVD MINEOLA NY 11501
2157,B02157,REAGAN CONVEYANCE  CORP.,LUXURY,(516)861-2019,,62 MAIN STREET PT WASHINGTON NY 11050
2800,B02800,FLATIRON TRANSIT LLC,BLACK-CAR,(646)759-9889,WWW.FLATIRONTRANSIT.COM,114    5 AVENUE FLOOR 17 NEW YORK NY 10011
3706,B03706,LYRO INC.,BLACK-CAR,(646)355-8809,HTTPS:///WWW.LYRORIDE.COM/,"3808 UNION STREET STE 11A,RM13 FLUSHING NY 11354"
1667,B01667,"NEW GOLDEN HORSE C/L SVC,INC.",LIVERY,(718)358-9898,WWW.CAR8888.COM,30-50 WHITESTONE EXPRESSWAY 101A FLUSHING NY 11354
3467,B03467,SIMPLE RIDE TRANSPORTATION INC.,BLACK-CAR,(917)280-0935,,370 EAST  149 STREET SUITE 2 BRONX NY 10455
3484,B03484,MIXTECA USA INC,BLACK-CAR,(929)271-1915,,469   53 STREET BROOKLYN NY 11220
3166,B03166,TURING ENTERPRISES INC.,BLACK-CAR,(718)210-9995,TURNINGENTERPRISE.COM,2329 NOSTRAND AVENUE SUITE 100 BROOKLYN NY 11210
2243,B02243,BARONAS LUXURY II INC,BLACK-CAR,(718)492-7680,WWW.ELEGANTEBLACKCARSERVICE.COM,14 BRUCKNER BOULEVARD BRONX NY 10454
256,B00256,FAST OPERATING CORP,LIVERY,(212)666-6666,,2642 BROADWAY NEW YORK NY 10025
3015,B03015,TRI-COUNTY BLACK CARS INC,BLACK-CAR,(718)846-0747,,86-29  102 STREET RICHMOND HILL NY 11418
3047,B03047,"STS LUXURY, INC",BLACK-CAR,(718)684-4444,STSLUXURRYNYC.COM,912 SOUNDVIEW AVENUE SUITE 6 BRONX NY 10473
3291,B03291,TRACY LUXURY CORP.,BLACK-CAR,(718)313-9400,,4861 BROADWAY NEW YORK NY 10034
2739,B02739,TRAXLINE CAR SERVICE INC.,BLACK-CAR,(718)789-4901,,7 MARCUS GARVEY BOULEVARD STE 212 BROOKLYN NY 11206
2005,B02005,CAR LINE TRANSPORTATION CORP.,BLACK-CAR,(718)729-2222,,43-39   21 STREET SUITE 203 LIC NY 11101
2096,B02096,"CET GROUP, INC",BLACK-CAR,(212)965-0889,,47 LUDLOW STREET NEW YORK NY 10002
2860,B02860,EVERY WHERE LIMO SERVICE INC.,BLACK-CAR,(718)658-6008,,110-00 ROCKAWAY BOULEVARD SOUTHOZONE PARK NY 11420
2408,B02408,"PETER EXECUTIVE LIMOUSINE, CORP",BLACK-CAR,(718)784-7900,,34-39   31 STREET ASTORIA NY 11106
3593,B03593,NEW MEXICANA LIMO INC,BLACK-CAR,(718)438-2092,,507   40 STREET BROOKLYN NY 11232
3234,B03234,ALPHA EXPRESS RIDE CORP.,BLACK-CAR,(800)786-0393,WWW.ALPHAEXPRESSRIDE.COM,31 - 00   47 AVENUE SUITE 3100 LIC NY 11101
1938,B01938,"ALL STAR LIMOUSINE SERVICE, LTD.",LUXURY,(631)753-1234,,380 NEW HWAY LINDENHURST NY 11757
3685,B03685,LOWMANS LLC,BLACK-CAR,(516)499-8038,,14 LENOX ROAD 1ST FLOOR BROOKLYN NY 11226
84,B00084,AUTOMOTIVE SVC SYSTEM INC,LUXURY,(212)966-6400,,50-21   49 STREET WOODSIDE NY 11377
3303,B03303,MOTA LUXURY CORP.,BLACK-CAR,(917)994-2332,,96-14  101 AVENUE OZONE PARK NY 11416
2315,B02315,LA MORENITA CAR LIMO SERVICE INC,LIVERY,(718)615-0039,,115 BRIGHTON   11 STREET BROOKLYN NY 11235
306,B00306,LOVE LIMOUSINE NYC LTD,BLACK-CAR,(718)633-1554,EXECUTIVECHARGE.COM,1751 BATH AVENUE BROOKLYN NY 11214
2962,B02962,"HEALTH BLACK CAR SERVICES, CORP",BLACK-CAR,(718)676-1132,,454B RIVERDALE AVENUE GROUND FLOOR YONKERS NY 10705
3669,B03669,ACCESSIBLE TRANSIT LLC,BLACK-CAR,(201)647-1858,,104 WEST   40 STREET ROOM 400 NEW YORK NY 10018
3080,B03080,AMBAR TRANSPORTATION INC.,BLACK-CAR,(718)658-2222,WWW.AMBARTRANSINC.COM,8811  169 STREET JAMAICA NY 11432
2021,B02021,EASYRIDE CAR SERVICE INC.,LIVERY,(718)444-5557,,2982 NOSTRAND AVENUE BROOKLYN NY 11229
3159,B03159,A1 ACCESSIBLE TRANSPORTATION LLC,BLACK-CAR,(212)496-0177,,57 WEST   57 STREET 4TH FLOOR NEW YORK NY 10019
2924,B02924,CELEBRITY LUXURY INC.,BLACK-CAR,(718)618-0093,,1748 EAST TREMONT AVENUE BRONX NY 10460
2840,B02840,RAELEEN CAR CORP.,BLACK-CAR,(718)975-3200,,565 VAN NEST AVENUE BRONX NY 10460
202,B00202,"EXCELSIOR CAR & LIMO, INC.",BLACK-CAR,(718)643-3900,WWW.ALLSTATELIMO.COM,241   37 STREET STE# 1-4-B460 BROOKLYN NY 11232
1854,B01854,EUROPE LIMOUSINE SERVICE INC,LUXURY,(201)477-3200,,24 FARVIEW TERRACE PARAMUS NJ 07652
2120,B02120,HARRISON GLOBAL LLC,LUXURY,(973)376-0145,WWW.BOSTONCOACH.COM,780 DOWD AVENUE ELIZABETH NJ 07201
3477,B03477,FAWA SERVICE CORPORATION,BLACK-CAR,(917)261-7100,,275 WEST  231 STREET 2C BRONX NY 10463
3288,B03288,JAROCHO CAR SERVICE CORP.,BLACK-CAR,(718)448-7180,JOROCHOCARSERVICE.COM,374 MANOR ROAD # 1 STATEN ISLAND NY 10314
2144,B02144,"SILVER STAR LIMOUSINES, INC.",LUXURY,(516)540-0040,,535 BROADHOLLOW RD MELVILLE NY 11747
608,B00608,SUMMIT CORPORATE CAR INC.,BLACK-CAR,(718)633-1554,WWW.EXECUTIVECARGE.COM,1751 BATH AVENUE BROOKLYN NY 11214
3420,B03420,TADA USA INC.,BLACK-CAR,(718)539-5680,WWW.TADATADAUSA.COM,152-53   10 AVENUE SUITE 210 WHITESTONE NY 11357
3499,B03499,ABM BLACK CAR SERVICE LLC.,BLACK-CAR,(860)494-9349,ABMBLACKCARSEVICES.COM,88 BARBER HILL ROAD SOUTH WINDSOR CT 06074
3168,B03168,KAYROS TRANSPORTATION INC,BLACK-CAR,(917)440-8678,,726 BROADWAY BAYONNE NJ 07002
2711,B02711,TRANS CITY TRANSPORTATION INC,BLACK-CAR,(212)505-0900,,43 - 23   35 STREET LIC NY 11101
2913,B02913,DAT TRANSPORTATION INC.,BLACK-CAR,(718)328-8889,,650 SOUNDVIEW AVENUE BRONX NY 10473
1051,B01051,B Q N C/S CORP,LIVERY,(718)328-1111,,1104 GARRISON AVENUE BRONX NY 10474
3578,B03578,1 NYC EMPIRE TRANS INC.,BLACK-CAR,(347)993-9793,,97-28  221 STREET JAMAICA NY 11429
2970,B02970,FLYTE LINE TRANSPORTATION LLC,BLACK-CAR,(888)888-5466,ADDISONLEE.COM,365 RIFLE CAMP ROAD SUITE 202 WOODLAND NJ 07424
2687,B02687,ECO RIDE INC.,LIVERY,(718)646-3500,,6002 FOSTER AVENUE BROOKLYN NY 11236
3536,B03536,AFY GROUP INC,BLACK-CAR,(800)659-0715,,353 WEST 48TH SREET 4TH FL NEW YORK NY 10036
1367,B01367,"ROYAL DISPATCH SERVICES, INC.",BLACK-CAR,(718)706-2200,WWW.NYBLACKCAR.COM,32-72 GALE AVENUE LIC NY 11101
3679,B03679,RYVE NY INC.,BLACK-CAR,(718)286-9198,,100 LAWRENCE ST 103 NANUET NY 10954
3331,B03331,GIGI NYC INC,BLACK-CAR,(718)559-8383,,96-28 ALSTYNE AVENUE ELMHURST NY 11373
2160,B02160,"12TH STREET LUXURY CARS, INC.",BLACK-CAR,(347)924-0045,,35-58   12 STREET ASTORIA NY 11106
2724,B02724,"CORE CAR, INC",LUXURY,(203)348-3199,WWW.CORECAR.COM,30 COMMERCE ROAD STAMFORD CT 06902
2774,B02774,ALFRED HOLDINGS INC.,BLACK-CAR,(718)509-1111,WWW.ALFREDEXECTRANSPORTATION.COM,31-00   47 AVENUE 3RD SUITE 3100 LIC NY 11101
3057,B03057,PROSPECT LUXURY CAR SERVICE,BLACK-CAR,(929)400-3838,PROPECTLUXURY.COM,1161 SOUTHERN BOULEVARD BRONX NY 10459
2671,B02671,COMMUNITY CAR SERVICE PRISCILLA CORP,LIVERY,(718)366-8800,,896 WYCKOFF AVENUE 2R BROOKLYN NY 11237
2532,B02532,COZY RIDE LIMOUSINE INC,BLACK-CAR,(718)359-5000,COZYRIDE.NET,36-22A UNION STREET SUITE #3R FLUSHING NY 11354
2401,B02401,NORTHSIDE BK LLC,BLACK-CAR,(718)963-4444,,207 BEDFORD AVENUE BROOKLYN NY 11211
3195,B03195,DOMINICAN DREAM TRANSPORTATION INC.,BLACK-CAR,(718)304-5353,,387 EAST  167 STREET BRONX NY 10456
3694,B03694,RAM TRANSIT INC.,BLACK-CAR,(929)338-9913,,187 BAY   34 STREET 1ST FL. BROOKLYN NY 11214
3326,B03326,RESQ RIDE CORP.,BLACK-CAR,(844)347-7377,,514 UNION AVE MT. VERNON NY 10550
3041,B03041,PUEBLA CITY INC.,LIVERY,(718)437-0707,,3916    9 AVENUE BROOKLYN NY 11232
3394,B03394,NEW ELEGANTE CAR SERVICE INC,BLACK-CAR,(718)492-7680,WWW.ELEGANTETS.COM,14 BRUCKNER BOULEVARD BRONX NY 10454
3720,B03720,HERMES TRANSIT INC,BLACK-CAR,(954)562-1186,,35-58   12 STREET ASTORIA NY 11106
3100,B03100,MORELOS CAR SERVICE INC.,BLACK-CAR,(718)837-8200,,1810 WEST    6 STREET BROOKLYN NY 11223
3239,B03239,CIBAO 2 INC.,BLACK-CAR,(718)478-2288,CIBAO2INC.COM,112 - 44 ROOSEVELT AVENUE FLUSHING NY 11368
2655,B02655,LONG ISLAND CITY CAR AND LIMO INC.,BLACK-CAR,(718)937-1177,,6902   18 AVENUE BROOKLYN NY 11204
3286,B03286,"MITA LIMOUSINE, INC.",BLACK-CAR,(212)679-3939,WWW.MITALIMO.COM,208 WEST   29 STREET #203 NEW YORK NY 10001
1843,B01843,"VINCENT'S LIMOUSINE SERVICE OF NEW YORK, INC.",LUXURY,(718)729-0900,WWW.VINCENTLIMOUSINE.COM,42-06 BROADWAY ASTORIA NY 11103
3245,B03245,UASLUXURY1 INC,BLACK-CAR,(646)684-0001,,85-56  118 STREET KEW GARDENS NY 11415
3171,B03171,HIGHLAND TRANSPORTATION MANAGEMENT CORP.,BLACK-CAR,(718)271-2700,,34-18 NORTHERN BOULEVARD LIC NY 11101
3206,B03206,KIDMOTO TECHNOLOGIES LLC,BLACK-CAR,(347)612-2091,WWW.KIDMOTO.TAXI,40 WALL STREET STE 2718 NEW YORK NY 10005
3145,B03145,YERZ CAR INC.,BLACK-CAR,(718)504-8383,,1018 CASTLE HILL AVENUE OFFICE#2 BRONX NY 10472
3153,B03153,GYPSY TRANSPORTATION CORP.,BLACK-CAR,(718)617-1111,WWW.GYPSYTRANSCORP.COM,1684 GLEASON AVENUE BRONX NY 10472
2285,B02285,"VALERA GLOBAL, INC.",LUXURY,(718)433-1111,WWW.VALERAGLOBAL.COM,1200 SHAMES DRIVE UNIT D WESTBURY NY 11590
3123,B03123,CLAY TRANSPORTATION INC.,BLACK-CAR,(718)942-5544,CLAYTRANSPORTATION.COM,788 EAST TREMONT AVENUE BRONX NY 10460
2735,B02735,"BEST DEAL CAR SERVICE 2,INC.",LIVERY,(718)379-0009,,2100 BARTOW AVENUE BRONX NY 10475
3170,B03170,PAISA CLASSIC BLACK INC.,BLACK-CAR,(718)476-7878,,38-12 ASTORIA BOULEVARD LONGISLAND CITY NY 11102
3158,B03158,SPOTON.PET LLC,BLACK-CAR,(833)477-6866,WWW.SPOTON.PET/,77 SANDS STREET BROOKLYN NY 11201
3097,B03097,AERO LIMO INC,BLACK-CAR,(917)535-8712,,53-12  104 STREET CORONA NY 11368
900,B00900,BIG Q CAR SVC. INC.,LIVERY,(718)846-4500,,86-29  102 STREET RICHMOND HILL NY 11418
3473,B03473,WELLNESS TRANSIT LLC,BLACK-CAR,(718)313-0291,WWW.WELLNESS-TRANSIT.COM,15 EAST 21ST STREET HUNTINGTON NY 11746
3574,B03574,TALK TO US RIDE CORP.,BLACK-CAR,(718)485-4686,,866 NEW LOTS AVENUE 2A BROOKLYN NY 11208
1985,B01985,"LUXURY WORLDWIDE TRANSPORTATION, LLC",BLACK-CAR,(718)832-2600,WWW.GOINLUXURY.COM,209   25 STREET BROOKLYN NY 11232
3334,B03334,WTM 365 INC.,LUXURY,(516)318-4721,WWW.WTM365.COM,1979 MARCUS AVENUE LAKE SUCCESS NY 11042
3548,B03548,PLUS LUXURY CORP,BLACK-CAR,(929)607-9191,,20 WELLINGTON CT SHELTON CT 06484
1803,B01803,"V.I.P. CONNECTION, INC.",BLACK-CAR,(718)392-6100,WWW.VIPSLIMO.COM,1751 BATH AVENUE BROOKLYN NY 11214
3603,B03603,T7T LIMO INC,BLACK-CAR,(347)530-7000,,200 BROADHOLLOW ROAD 207 MELVILLE NY 11747
2975,B02975,LI YANG LIMOUSINE INC,BLACK-CAR,(929)337-9394,WWW.LIYANGLIMO.COM,6902   15 AVENUE BROOKLYN NY 11228
3585,B03585,DOORLUX LLC,BLACK-CAR,(833)366-7589,WWW.NASIBLE.COM,2012 FULTON STREET #2B BROOKLYN NY 11233
3644,B03644,RIDE SOHO INC,BLACK-CAR,(212)875-5212,,200 BROADHOLLOW ROAD SUITE 207 MELVILLE NY 11747
628,B00628,"CONCORD LIMOUSINE 1, LLC",BLACK-CAR,(718)965-6150,,712    3 AVENUE BROOKLYN NY 11232
3521,B03521,FIRST OCEANA BLACK CAR INC.,BLACK-CAR,(718)375-1001,,2395 CONEY ISLAND AVENUE BROOKLYN NY 11223
2637,B02637,ROOSEVELT CAR & LIMO INC.,BLACK-CAR,(718)786-8888,,3708  100 STREET CORONA NY 11368
3051,B03051,VILLE DE LA LIBERTE CHAUFFEUR INC,BLACK-CAR,(718)788-8888,WWW.LIBERTEVILLECHAUFFEUR.NYC,689 SENECA AVENUE FLUSHING NY 11385
3391,B03391,TIAZ LIMO CAR SERVICE CORP,BLACK-CAR,(347)612-9203,,8136 BAXTER AVENUE ELMHURST NY 11373
3018,B03018,AUREUS LLC,BLACK-CAR,(917)887-2105,WWW.AUREUS.NYC.COM,240 KENT AVENUE BROOKLYN NY 11249
3514,B03514,CHAUFFEUR ON DEMAND CORP.,LUXURY,(516)840-0011,,1225 FRANKLIN AVE #325 GARDEN CITY NY 11530
3712,B03712,COMMUNITY PLUS CAR SERVICE LLC,BLACK-CAR,(646)295-6740,COMMUNITYPLUSCARSERVICE.COM,63 GARFIELD STREET SUTIE 1A YONKERS NY 10701
2747,B02747,LEGEND LUXURY LIMO INC.,BLACK-CAR,(718)788-1234,WWW.LEGENDSLIMOUSINE.COM,209   25 STREET 2ND FLR BROOKLYN NY 11232
2794,B02794,ASAP LUXE INC,BLACK-CAR,(718)363-0046,WWW.ASAPLUXE.COM,1304 UTICA AVENUE BROOKLYN NY 11203
149,B00149,RAINBOW RAD DISP INC,LIVERY,(718)498-4444,,1304 UTICA AVENUE BROOKLYN NY 11203
911,B00911,"RIVERSIDE PLUS RADIO DISPATCH, INC.",LIVERY,(718)365-8888,RIVERSIDECARLIMO.COM,2383 WASHINGTON AVENUE BRONX NY 10458
3191,B03191,GUILLEN TRANSPORTATION SERVICES INC,BLACK-CAR,(718)305-4510,,1842 WEBSTER AVENUE SUITE 100 BRONX NY 10457
2944,B02944,SCORPIO FIVE STAR CAR & LIMO SERVICE INC,BLACK-CAR,(917)683-9470,,127-19 ROCKAWAY BOULEVARD SOUTHOZONE PARK NY 11420
3314,B03314,"JBK NEW YORK, INC.",BLACK-CAR,(212)239-0363,WWW.COMFOLIMO.COM,325 WEST 38TH STREET 209 NEW YORK NY 10018
965,B00965,BEN JEVO MGT. INC.,LIVERY,(718)442-2277,,2 TOMPKINS AVENUE STATEN ISLAND NY 10304
3296,B03296,ZIP CONNECTIONS INC,BLACK-CAR,(201)882-9654,WWW.BOOKALIMO.COM,139 WALINGTON AVE WALINGTON NJ 07057
3299,B03299,WHITE TOP CAR SVCE INC,BLACK-CAR,(718)774-6661,,1111 ST JOHNS PLACE BROOKLYN NY 11213
2825,B02825,GUADALUPANA II CAR & LIMO INC,BLACK-CAR,(718)621-0404,,6506   20 AVENUE BROOKLYN NY 11204
1268,B01268,LAKEVIEW CARS INC.,LIVERY,(718)442-0001,,1113 VICTORY BOULEVARD STATEN ISLAND NY 10301
3546,B03546,EXECUTIVE LUXURY SERVICE INC,LUXURY,(646)265-9545,,14 VAN SICLEN AVE FLORAL PARK NY 11001
3591,B03591,VUKEA CORP,BLACK-CAR,(347)317-1925,,145 STERLING ROAD ELMONT NY 11003
3626,B03626,VALUE TRANSPORTS LLC,BLACK-CAR,(914)432-4252,,65 GRAHAM AVENUE SUITE # 102 BROOKLYN NY 11206
3423,B03423,VETS CAR SERVICE INC,BLACK-CAR,(845)694-7004,,557 NORTH MACQUESTEN PARKWAY MOUNT VERNON NY 10552
3225,B03225,ALCON EXPRESS INC,BLACK-CAR,(718)524-4121,,1264 CASTLETON AVENUE STATEN ISLAND NY 10310
3595,B03595,WATSONBX TRANSPORTATION CORP,BLACK-CAR,(718)991-8747,,1681 BRUCKNER BOULEVARD BRONX NY 10472
1568,B01568,N.Y. MEXICANA CAR & LIMO SVC CRP.,LIVERY,(718)592-1300,WWW.NYMEXICANA.COM,97 - 52 CORONA AVENUE FLUSHING NY 11368
2969,B02969,LYFE AUTO GROUP INC,BLACK-CAR,(718)706-6234,LYFENYC.COM,32-10 GREENPOINT AVENUE LIC NY 11101
2248,B02248,HYBRID LIMO EXPRESS INC.,BLACK-CAR,(718)643-4600,,241   37 STREET STE#1-4-B460 BROOKLYN NY 11232
381,B00381,BELL RADIO INC,BLACK-CAR,(718)944-4955,CUSTOMERSERVICE@EXECUTIVECHARGE.COM,1751 BATH AVENUE BROOKLYN NY 11214
856,B00856,BEE-BEE CAR SERVICE INC.,LIVERY,(718)498-2525,,663 BLAKE AVENUE BROOKLYN NY 11207
1743,B01743,TWO-WAY BLACK CARS AND RADIO GROUP TRANS INC,LIVERY,(212)663-3333,,2642 BROADWAY 3 FL NEW YORK NY 10025
3683,B03683,BARR TRANSIT INC.,BLACK-CAR,(929)338-9913,,187 BAY   34 STREET 1ST. FL. BROOKLYN NY 11214
3276,B03276,510 BLACK CAR CORP.,BLACK-CAR,(718)485-1455,,2225 PITKIN AVENUE BROOKLYN NY 11207
3262,B03262,ROYALTY FAMILY CORP,BLACK-CAR,(917)831-0354,,2268 AMSTERDAM AVENUE NEW YORK NY 10032
1984,B01984,NY 88 EXPRESS CORP.,LIVERY,(718)238-8822,,6506   11 AVENUE BROOKLYN NY 11219
3636,B03636,ORIENTY INC,BLACK-CAR,(718)427-1405,,38 VINCENT ROAD HICKSVILLE NY 11801
2751,B02751,RELIANCE GROUP INC,LUXURY,(718)850-9100,,148-09 LIBERTY AVENUE JAMAICA NY 11435
208,B00208,ERNEST SCHWARZ INC,LUXURY,(877)811-4846,,15 CHAIN LANE HICKSVILLE NY 11801
221,B00221,PROFESSIONAL CAR SERVICE INC,LIVERY,(212)923-6565,,376 AUDUBON AVENUE NEW YORK NY 10033
2067,B02067,"GROUP AMERICAR TRANSPORTATION,LLC.",BLACK-CAR,(212)629-8833,WWW.GROUPAMERICAR.COM,718    3 AVENUE BROOKLYN NY 11232
3368,B03368,BEST CHOICE CAR SERVICE CORPORATION,BLACK-CAR,(347)468-7823,,3668 BROADWAY NEW YORK NY 10031
1338,B01338,3210 WEBSTER AV PRESTIGE C/S,LIVERY,(718)798-7700,,3108 WEBSTER AVENUE BRONX NY 10467
3677,B03677,LAM TRANSPORTATION SERVICES CORP,BLACK-CAR,(914)477-3398,,73 MARKET STREET SUITE 376 YONKERS NY 10710
3293,B03293,A & Z LUXURY LIMOUSINE TRANSPORATION INC.,BLACK-CAR,(800)828-6140,AZLIMOINC.COM,21-03   44 AVENUE SUITE 201 L.I.C. NY 11101
2797,B02797,CJ LIMOUSINE LLC,BLACK-CAR,(201)242-5466,,1605 JOHN STREET SUITE 201 FORT LEE NJ 07024
3586,B03586,ANJ CAR SERVICE CORP,BLACK-CAR,(914)912-0532,,845 THIRD AVENUE 6TH FL V01 NEW YORK NY 10022
3466,B03466,AA START PLUS CORP.,BLACK-CAR,(929)590-1901,,3418 NORTHERN BOULEVARD VO3 L.I.C. NY 11101
2784,B02784,SMILE TRANSPORTATION GROUP INC,BLACK-CAR,(718)942-5566,,945 EAST  108 STREET SUITE B101 BROOKLYN NY 11236
3028,B03028,CASTILLO CAR & LIMO INC,BLACK-CAR,(718)499-4545,,440    4 AVENUE BROOKLYN NY 11215
2373,B02373,QUIET SERVICES INC,BLACK-CAR,(718)360-9383,,31-35   61 STREET FLUSHING NY 11377
2968,B02968,NEW GENERATION BLACK CAR TRANSPORTATION CORP.,BLACK-CAR,(347)991-6111,,2112 WESTCHESTER AVENUE BRONX NY 10462
3668,B03668,RXP TRANSIT LLC,BLACK-CAR,(347)630-6814,,152 EAST  118 STREET S1 NEW YORK NY 10035
3418,B03418,RIDE IN STYLE LIMO INC.,BLACK-CAR,(929)400-0719,,57 MERIDIAN RD LEVITTOWN NY 11756
3506,B03506,"KLS WORLDWIDE CHAUFFERURED SERVICES, INC.",LUXURY,(800)381-5301,KLSLIMONY.COM,271 U.S.46 WEST SUITE 204 FAIRFIELD NJ 07004
3505,B03505,LA ECUATORIANA LUXURY INC,BLACK-CAR,(718)300-6040,HTTPS://WWW.LAECUATORIANALUX.COM,2402   86 STREET BROOKLYN NY 11214
2180,B02180,PEGASUS TRANSPORT SERVICE INC.,LUXURY,(201)867-1677,WWW.PEGASUSCARSERVICE.COM,800 CENTRAL BLVD SUITE D CARLSTADT NJ 07072
3675,B03675,DOTLINKS LLC,BLACK-CAR,(718)365-2100,,2173 GRAND CONCOURSE BRONX NY 10453
3687,B03687,QUICK LUXURY RIDE INC,LUXURY,(855)575-7433,,5505   43 STREET 1ST FL MASPETH NY 11378
196,B00196,NEW EASY WAY RADIO DISP INC,LIVERY,(212)360-5555,,220 EAST  116 STREET NEW YORK NY 10029
972,B00972,N.J.M.INC.,LIVERY,(718)967-2500,,5230 ARTHUR KILL ROAD STATEN ISLAND NY 10307
2863,B02863,NYC MIDDTOWN LIMO CORP,BLACK-CAR,(718)848-1221,WWW.NYCMIDTOWNLIMO.COM,100-01   97 AVENUE JAMAICA NY 11416
2901,B02901,GALLANT LUXURY SERVICE CORP.,BLACK-CAR,(212)304-0707,GALLANTLUXURYSERVICE.COM,5030 BROADWAY SUITE 659 NEW YORK NY 10034
2661,B02661,MIC-LOU CAR SERVICES_LLC,LIVERY,(718)720-4444,LULUCARSERVICES.COM,2 TOMPKINS AVENUE STATEN ISLAND NY 10304
3700,B03700,GENESTAR VIP LIMO INC,BLACK-CAR,(347)685-0740,,100 DUFFY AVE SUITE 510 HICKSVILLE NY 11801
3236,B03236,AGUILA CAR & LIMO CORPORATION,BLACK-CAR,(718)393-3333,,51-47   69 STREET FLUSHING NY 11377
3017,B03017,SDR TRANSPORTATION CORP.,BLACK-CAR,(718)863-0002,,3800 EAST TREMONT AVENUE #2 BRONX NY 10465
3329,B03329,KIDAULT KAR LLC.,BLACK-CAR,(347)380-6266,WWW.KIDAULT.COM,42 WEST STREET 2ND FL/11C BROOKLYN NY 11222
3266,B03266,HOYT LIMO & SERVICE CORP.,BLACK-CAR,(718)204-5861,,2303 ASTORIA BOULEVARD LONGISLAND CITY NY 11102
1482,B01482,SHORE TRANSPORTATION INC,LIVERY,(718)646-6666,,3173 CONEY ISLAND AVENUE BROOKLYN NY 11235
2331,B02331,"CHICO EXPRESS LIMO, INC.",BLACK-CAR,(718)236-7777,,6401   11 AVENUE BROOKLYN NY 11219
8,B00008,T-D MAINTENANCE CORP,LIVERY,(718)456-1111,,127-01 METROPOLITAN AVENUE KEW GARDENS NY 11415
3433,B03433,STATUS RIDE LLC,BLACK-CAR,(347)656-4141,STATUSRIDE.CO,4072 HYLAN BOULEVARD SUITE A1 STATEN ISLAND NY 10308
2148,B02148,MAVRIK TRANS INC.,BLACK-CAR,(516)488-4600,WWW.MAVRIKTRANS.COM,247-34 JERICHO TURNPIKE BELLEROSE NY 11001
3124,B03124,MARR LIMO LLC,LUXURY,(347)744-2474,,177 WHITE PLAINS RD 77A TARRYTOWN NY 10591
2898,B02898,SANO CAR LLC,BLACK-CAR,(212)567-5009,SANOBLACKCAR.COM,5030 BROADWAY SUITE 676 NEW YORK NY 10034
3544,B03544,CCM LLC,BLACK-CAR,(646)991-1919,,4533   37 STREET QUEENS NY 11101
3624,B03624,STREETLINK INC,BLACK-CAR,(718)504-7300,,4105   69 STREET FLUSHING NY 11377
3285,B03285,FLUSHING LIMOUSINE TRANSPORTATION SERVICE CORP.,BLACK-CAR,(718)358-1111,,3609  164 STREET FLUSHING NY 11358
2917,B02917,C & A BLACK CAR CORP.,BLACK-CAR,(718)405-2222,,3106 WEBSTER AVENUE BRONX NY 10467
3324,B03324,PORT RICHMOND BLACK CAR INC.,BLACK-CAR,(718)448-0006,PORTRICHMONDBC.COM,103 PORT RICHMOND AVENUE STATEN ISLAND NY 10302
3033,B03033,FLEX EXPRESS CORP.,BLACK-CAR,(718)602-5000,,1266 MYRTLE AVENUE BROOKLYN NY 11221
2303,B02303,MINEOLA TRANSPORTATION INC.,BLACK-CAR,(917)859-5195,,1267 ATLANTIC AVENUE BROOKLYN NY 11216
3204,B03204,EXTRA CAR SERVICE LLC,BLACK-CAR,(718)684-1379,,1041A CASTLE HILL AVENUE BRONX NY 10472
3504,B03504,ABT CHAUFFEUR SERVICES LLC,LUXURY,(212)631-9970,,10 WEST   66 STREET NEW YORK NY 10023
2060,B02060,AMERICAN LIMOUSINE LLC,LUXURY,(201)529-3610,WWW.FLYTETYMELIMO.COM,365 RIFLE CAMP ROAD SUITE 202 WOODLAND NJ 07424
3492,B03492,MARINA CAR SERVICE INC,BLACK-CAR,(718)622-2222,WWW.MARINACARSERVICE.COM,9425    5 AVENUE BROOKLYN NY 11209
3710,B03710,EASTBOUND SERVICE CORP.,BLACK-CAR,(718)961-1111,,15 WEST HILLS RD HUNTINGTON STA NJ 11415
1215,B01215,ECUADOOR CORP,LIVERY,(718)204-8412,,44-10   30 AVENUE LIC NY 11103
3479,B03479,ALL YOU NEED TRANSPORTATION CORP,BLACK-CAR,(978)230-1486,,8 WEST 126TH STREET 3RD FLOOR NEW YORK NY 10027
3194,B03194,"SUNNY DAY TRANSPORTATION,CORP",BLACK-CAR,(718)409-6281,,1831 WOOD AVENUE BRONX NY 10460
2949,B02949,MEEM SERVICES INC,LUXURY,(917)482-7281,,24506 JERICHO TKPE SUITE#LL111 FLORAL PARK NY 11001
2967,B02967,ABIEL TRANSPORTATION CORP,BLACK-CAR,(718)733-6000,,261 EAST KINGSBRIDGE ROAD N-46 BRONX NY 10458
411,B00411,FONE-A-CAR INC,BLACK-CAR,(718)637-6320,WWW.EXECUTIVECHARGE.COM,1751 BATH AVENUE BROOKLYN NY 11214
3649,B03649,JKR TRANSPORTATION LLC,BLACK-CAR,(929)264-2996,,812 CHARNWOOD DRIVE WYCKOFF NJ 07481
1,B00001,LONDON TOWNCARS INC,LUXURY,(212)988-9700,,40-14   23 STREET LIC NY 11101
3251,B03251,RIDE FHV CORP.,BLACK-CAR,(718)415-8444,HTTPS://WWW.DRIVEFHV.COM,159   20 STREET SUITE#1B-3 BROOKLYN NY 11232
3617,B03617,CAUTIOUS CARS TRANSPORTATION CORP.,BLACK-CAR,(718)296-3333,,759 FISCHER BLVD TOMS RIVER NJ 08753
3690,B03690,MELLIMO NY LLC,BLACK-CAR,(347)652-1000,MELLIMO.COM,100 DUFFY AVE SUITE 510 HICKSVILLE NY 11801
1413,B01413,SFL INC,LUXURY,(212)397-0004,WWW.ATTITUDENEWYORK.COM,48-50   34 STREET LIC NY 11101
3330,B03330,OSO AUTO CORP,BLACK-CAR,(347)345-0202,WWW.OSOAUTOCORP.COM,561 WEST  152 STREET NEW YORK NY 10031
1540,B01540,ROCKAWAY VIP SERVICE INC.,LIVERY,(718)659-1111,,122-21 ROCKAWAY BOULEVARD SO. OZONE PARK NY 11420
3320,B03320,LIMOLINK INCORPORATED,LUXURY,(877)798-5466,LIMOLINK.COM,3375 ARMAR DRIVE MARION IA 52302
3248,B03248,GUEST TRAVEL SERVICE INC.,BLACK-CAR,(718)666-2424,,545 EAST JERICHO TURNPIKE HUNTINGTON STAT NY 11746
429,B00429,SURF CAR SYSTEMS INC,LIVERY,(718)327-4444,,1092 BEACH   22 STREET FAR ROCKAWAY NY 11691
3417,B03417,MZ RIDE LLC,LUXURY,(844)444-9957,WWW.MZRIDE.COM,311 N CENTRAL AVE SUITE # 1 VALLEY STREAM NY 11580
3632,B03632,VIP CONNECTION LIMO INC,BLACK-CAR,(212)470-0939,,1923 DITMARS BOULEVARD 1ST FLOOR ASTORIA NY 11105
3230,B03230,"THE BEST WE CAN TRANSPORTATION, INC.",BLACK-CAR,(718)880-7973,,509 EAST  163 STREET BRONX NY 10451
3362,B03362,AURA CAR SERVICE CORP.,BLACK-CAR,(212)981-8184,,84 NAGLE AVENUE NEW YORK NY 10040
2389,B02389,"EMBARQUE N.Y., INC.",LUXURY,(718)777-0890,,24 - 59   47 STREET LONGISLAND CITY NY 11103
3721,B03721,#1 NYC SKY RIDE INC.,BLACK-CAR,(917)223-3787,,6401   11 AVENUE BROOKLYN NY 11219
3445,B03445,INWOOD CAR AND LIMO INC,BLACK-CAR,(203)447-9265,,2320 HUGHES AVENUE SUITE #2 BRONX NY 10458
3699,B03699,NYC CORPORATE TRANSPORTATION GROUP INC,BLACK-CAR,(646)789-3399,,547   92 STREET GROUND FLOOR BROOKLYN NY 11209
2111,B02111,HUANG HOU CAR SERVICES INC.,LIVERY,(718)762-3333,HUANGHOUCARSERVICE.COM,35-27 FARRINGTON STREET FLUSHING NY 11354
3458,B03458,WAVE LUXURY CORP,BLACK-CAR,(914)413-9364,,34-18 NORTHERN BOULEVARD SUITE 45 L.I.C. NY 11101
1259,B01259,THE NEW BROOKLYN C/S INC,LIVERY,(718)388-2828,,390 BROADWAY 1FL BROOKLYN NY 11211
2868,B02868,CHA CHA TRANSPORTATION CORP,BLACK-CAR,(718)683-0246,,35 - 30  154 STREET 2ND FLOOR FLUSHING NY 11354
2287,B02287,ROAD NEW YORK ENTERPRISES INC.,LUXURY,(929)354-1387,WWW.ROADNY.COM,132 - 02   89 AVENUE SUITE #209 RICHMOND HILL NY 11418
3531,B03531,CHARLOTTE LUXURY INC.,BLACK-CAR,(347)849-9724,,1889 WEBSTER AVENUE 2ND FL BRONX NY 10457
2929,B02929,OTTOMAN TRANSPORTATION INC.,BLACK-CAR,(718)569-2525,,61-43  186 STREET C112 2 FRESH MEADOWS NY 11365
1311,B01311,DISCOUNT CAR SVCE,LIVERY,(718)740-0101,,94-44  213 STREET QUEENS VILLAGE NY 11428
2207,B02207,"EASTERN LUXURY, INC.",BLACK-CAR,(718)499-3355,,222   15 STREET BROOKLYN NY 11215
2475,B02475,ECKFORD LITE CAR & LIMO INC.,BLACK-CAR,(347)612-9290,,49-17A   69 STREET FLUSHING NY 11377
227,B00227,"PARK WEST EXEC. SERVICES, INC.",LUXURY,(212)727-7800,TOWNCARINTERNATIONAL.COM,1200 SHAMES DRIVE UNIT D WESTBURY NY 11590
3584,B03584,SURGEO APP INC.,BLACK-CAR,(866)787-4365,WWW.SURGEO.APP,2526   50 STREET STE 209B FLUSHING NY 11377
271,B00271,UTOG 2-WAY RADIO INC,BLACK-CAR,(718)361-7290,,25-20   39 AVENUE LONGISLANDCITY NY 11101
3716,B03716,FIRST CLASS TRAVEL USA LLC,BLACK-CAR,(929)769-1717,WWW.FIRSTCLASSTRAVELUSALLC.COM,11616  149 AVENUE FL 1 SO. OZONE PARK NY 11420
1742,B01742,"AVALON TRANSPORTATION, LLC",LUXURY,(718)361-1555,,89 RIDGE RD NORTH ARLINGTON NJ 07031
277,B00277,ALL CITY CORP TRANS INC,BLACK-CAR,(718)292-5100,,1751 BATH AVENUE BROOKLYN NY 11214
2942,B02942,FANNY RADIO DISPATCHER SERVICE INC.,BLACK-CAR,(718)641-4444,,129 - 02 LIBERTY AVENUE SUITE #6 RICHMOND HILL NY 11419
2152,B02152,"KYOEI LIMOUSINE, INC.",LUXURY,(212)949-0868,,57-48 MASPETH AVENUE MASPETH NY 11378
3202,B03202,JUPITER SELECT LLC,BLACK-CAR,(718)499-2222,WWW.JUPITERCARSERVICE.COM,294   20 STREET BROOKLYN NY 11215
3708,B03708,ALLWAYS ACCESSIBLE CORP.,BLACK-CAR,(347)765-7717,,627 BUSTLETON PIKE TREVOSE PA 19053
3402,B03402,RL VIP LIMO INC,LUXURY,(929)413-1346,,565 DEMOTT AVE NORTH BALDWIN NY 11510
3227,B03227,NY MERENGUE TRANSPORTATION INC,BLACK-CAR,(929)218-7080,,135-10 JAMAICA AVENUE RICHMOND HILL NY 11418
2352,B02352,"SUPER FAST LIMOUSINE SERVICE, INC.",BLACK-CAR,(718)438-6262,,4409    5 AVENUE BROOKLYN NY 11220
3342,B03342,GLOBAL EXECUTIVE LIMOUSINE CORP,BLACK-CAR,(646)678-6285,,1225 FRANKLIN AVE 325 GARDEN CITY NY 11530
3309,B03309,NYC LIMOUSINE VIP LLC.,BLACK-CAR,(908)206-0311,NYCLIMOGRID.COM,1 MEADOWLAND PLAZA SUITE #200 E. RUTHERFORD NJ 07073
3104,B03104,GCC TRANSPORTATION LLC.,BLACK-CAR,(718)885-4991,GCCTRANS.COM,735 EAST  239 STREET SUITE #40 BRONX NY 10466
3388,B03388,BEN'S INTERNATIONAL LUXURY TRANSPORTATION LLC,LUXURY,(727)203-5757,BENSINTERNATIONAL.ORG,159 TREETOP CIRCLE NANUET NY 10954
2852,B02852,OP CAR SERVICE INC.,BLACK-CAR,(718)659-8888,,90-19 LIBERTY AVENUE JAMAICA NY 11417
3569,B03569,ACE RIDES CAR SERVICE CORP.,BLACK-CAR,(718)414-6118,ACERIDES.NYC,3370 PRINCE STREET STE 506 FLUSHING NY 11354
3046,B03046,"BEL-LINDA, INC",LIVERY,(718)447-2222,,184 ROBIN ROAD STATEN ISLAND NY 10305
3448,B03448,MCF TRANSPORTATION LLC,BLACK-CAR,(347)281-5730,,54-14   74 STREET SUITE 5511 ELMHURST NY 11373
3619,B03619,URBAN 84 INC,BLACK-CAR,(929)992-1979,,653 EAST    5 STREET BROOKLYN NY 11218
2846,B02846,DLS TRANSPORTATION CORP.,BLACK-CAR,(718)285-0357,DLSTRANSPORTATIONCORP.COM,"914 SOUNDVIEW AVENUE SUITE 1, 2ND FL BRONX NY 10473"
2418,B02418,PLUSH SERVICES CORP,BLACK-CAR,(516)418-3303,,33 - 20   55 STREET SUITE #227 FLUSHING NY 11377
2339,B02339,SEDANZ INC.,LUXURY,(212)300-6083,SEDANZ.COM,14 HARWOOD COURT SUITE #412 SCARSDALE NY 10583
3623,B03623,UKLON INC,BLACK-CAR,(929)545-5665,,52 PIEDMONT DR 17-4A PORT JEFF STA NY 11776
623,B00623,MANHATTAN INT'L LIMO NETWORK LLC,LUXURY,(718)777-0890,WWW.CAREY.COM,24-59   47 STREET LIC NY 11103
3553,B03553,USA LUXURY EXPRESS INC.,BLACK-CAR,(212)814-8151,WWW.USALUXURYEXPRESS.COM,3418 NORTHERN BOULEVARD LONGISLAND CITY NY 11101
1509,B01509,"BRUNWISH ENTERPRISES,LTD.",LIVERY,(718)382-6868,,2982 NOSTRAND AVENUE BROOKLYN NY 11229
2782,B02782,NEW APP CAR & LIMO INC,LIVERY,(212)222-7999,NAPP.COM,908 AMSTERDAM AVENUE NEW YORK NY 10025
3500,B03500,GO CAR CORP,BLACK-CAR,(718)387-7777,WWW.GOCARNY.COM,670 FLUSHING AVENUE 219 BROOKLYN NY 11206
2095,B02095,"COMMONWEALTH WORLDWIDE CHAUFFEURED TRANSP. OF NY,LLC.",LUXURY,(718)706-5500,WWW.COMMONWEALTHLIMO.COM,191 HIGH STREET WALTHAM MA 02453
3328,B03328,B-QUICK TRANSPORTATION CORP.,BLACK-CAR,(347)398-0856,WWW.BQUICKTRANSPORTATION.COM,3036 EAST TREMONT AVENUE SUITE #202 BRONX NY 10461
2301,B02301,DOUBLE A CAR SERVICE INC.,LIVERY,(718)720-6666,,1 FERRY TERMINAL DRIVE STATEN ISLAND NY 10301
2826,B02826,NEW BELL LUXURY CORP,BLACK-CAR,(718)230-4490,WWW.NEWBELLCARSERVICE.COM,640 MYRTLE AVENUE BROOKLYN NY 11205
2292,B02292,NEW YORK APPLE V.I.P. CORP,BLACK-CAR,(718)230-4789,,372 WILSON AVENUE BROOKLYN NY 11221
2101,B02101,EXEC TRANSPORT INC,BLACK-CAR,(917)606-1978,,38-17 CRESCENT STREET LIC NY 11101
2664,B02664,CORPORATE CAR LTD.,BLACK-CAR,(718)418-1100,,7310   88 STREET GLENDALE NY 11385
3312,B03312,ACK TRANSPORTATION CORP.,BLACK-CAR,(347)281-9225,,1435 BEACH AVENUE BRONX NY 10460
2853,B02853,SAFE RIDES CAR & LIMO SERVICES INC,BLACK-CAR,(347)983-2800,WWW.SAFERIDELIMO.COM,5488 AMBOY ROAD SUITE 3 STATEN ISLAND NY 10312
3381,B03381,THE DRIVERS COOPERATIVE INC.,BLACK-CAR,(718)269-6272,WWW.DRIVERS.COOP,3100   47 AVENUE # 303 LONG ISLANDCITY NY 11101
2330,B02330,"OCHO LUXURY CAR, INC.",BLACK-CAR,(718)438-2092,,507   40 STREET BROOKLYN NY 11232
2956,B02956,W.K.EXPRESS LIMO SERVICE INC,BLACK-CAR,(718)274-7888,,1206   60 STREET BROOKLYN NY 11219
3647,B03647,SSRN TRANSFER LLC,BLACK-CAR,(516)665-0298,,200 BROADHOLLOW RD SUITE 207 MELVILLE NY 11747
3250,B03250,SALAM CAR SERVICE INC.,BLACK-CAR,(518)977-8916,,452 EAST TREMONT AVENUE BRONX NY 10457
3185,B03185,G&J LUXURY TRANSPORTATION INC,BLACK-CAR,(718)913-4454,WWW.GANDJLUXURY.COM,7 SKYLINE DRIVE SUITE 350 HAWTHORNE NY 10532
2990,B02990,GO MY SEDAN LLC,BLACK-CAR,(212)434-0400,MYSEDAN.COM,700 ROCKWAY TURNPIKE SUITE # 202 LAWRENCE NY 11559
9,B00009,T-D MAINTENANCE,LIVERY,(718)456-1111,,127-01 METROPOLITAN AVENUE KEW GARDENS NY 11415
1432,B01432,TOVAR TRANSPORTATION INC,LIVERY,(718)972-8877,,5511   16 AVENUE BROOKLYN NY 11204
3670,B03670,BEKA 4434 INC.,BLACK-CAR,(516)209-4678,,1979 MARCUS AVE STE. 210 LAKE SUCCESS NY 11042
3695,B03695,TOP EXPRESS CAR SERVICE INC.,BLACK-CAR,(929)222-0001,,1 WEST  182 STREET BASEMENT BRONX NY 10453
3686,B03686,XCLUSIVERIDE LLC,BLACK-CAR,(929)779-0266,,2751 OCEAN AVENUE BROOKLYN NY 11229
3447,B03447,HELP TRANSPORTATION GROUP LLC,BLACK-CAR,(917)471-8630,,1231 LAFAYETTE AVENUE SUIT L2 BRONX NY 10474
449,B00449,A KINGS HWY C/S INC.,LIVERY,(718)645-4444,,1656 EAST   15 STREET BROOKLYN NY 11229
1364,B01364,NY ATLIXCO CAR SERVICE INC,LIVERY,(718)424-5800,,102-20   35 AVENUE FLUSHING NY 11368
3323,B03323,AGORA CAR SERVICE INC,BLACK-CAR,(347)281-4204,AGORACARSERVICE.COM,3432-06 EAST TREMONT AVENUE BRONX NY 10465
2518,B02518,MATTHEW'S LIMO INC,BLACK-CAR,(718)424-1250,,1225 FRANKLIN AVE STE 325 GARDEN CITY NY 11530
2833,B02833,ADVANCED LUXURY LIMO SVC. INC.,BLACK-CAR,(718)231-2188,ADVANCEDLUXURYLIMOS.COM,3945 PROVOST AVENUE BRONX NY 10466
3040,B03040,ZYT EXPRESS CORP.,BLACK-CAR,(718)880-6342,,208   42 STREET BROOKLYN NY 11232
387,B00387,FORTUNE LIMOUSINES INC,LUXURY,(718)545-2400,,20-02   31 STREET ASTORIA NY 11105
2998,B02998,GENESIS LUXURY TRANSPORTATION CORP.,BLACK-CAR,(718)872-5260,WWW.GENESISLUXTRANSPORTATION.COM,955 SOUNDVIEW AVENUE 2ND FL BRONX NY 10473
1492,B01492,MOBILE #1 CAR SERVICE INC.,LIVERY,(718)383-8300,,361 UNION AVENUE BROOKLYN NY 11211
3283,B03283,NORWOOD CAR & LIMO INC.,BLACK-CAR,(718)484-7252,,590A NEW YORK AVENUE BROOKLYN NY 11203
3489,B03489,ACTION CAR SERVICE INC,BLACK-CAR,(718)747-8820,ACTIONAMBULETTE.COM,105 FREDERICK PLACE MOUNT VERNON NY 10552
225,B00225,DELANCEY TRANSPORTATION INC.,LIVERY,(212)228-3301,,29 ESSEX STREET NORTH STORE NEW YORK NY 10002
3515,B03515,CHAPENCITY LIMO INC.,BLACK-CAR,(718)306-6262,,6401 11 AVENUE BROOKLYN NY 11219
3367,B03367,SHOW LIMO CORP.,BLACK-CAR,(718)260-6666,WWW.SHOWLIMO.COM,161 BRIGHTON   11 STREET BROOKLYN NY 11235
3483,B03483,ROSEWOOD SERVICE CORP.,LUXURY,(917)672-3159,ROSEWOODLIMOS.COM,115 NORTH BROADWAY HICKSVILLE NY 11801
2273,B02273,BENI'S LIMOUSINE SERVICE INC,LUXURY,(888)464-2364,,47-39   49 STREET WOODSIDE NY 11377
3425,B03425,BLACK CAR CHAUFFEUR SERVICE INC,LUXURY,(516)732-9497,,6800 JERICHO TPKE #W120 SYOSSET NY 11791
3246,B03246,FASTRIDE LIMO INC.,BLACK-CAR,(347)271-6510,,2121 DAVIDSON AVENUE BRONX NY 10453
3390,B03390,READY GO USA INC,BLACK-CAR,(212)448-1088,,3030 MIDDLETOWN ROAD SUIT 103 BRONX NY 10461
2429,B02429,SEAGULL RIDE CORP,BLACK-CAR,(718)703-3333,SEAGULLRIDE.COM,2667 CONEY ISLAND AVENUE BROOKLYN NY 11223
3663,B03663,BALI TRANS INC,BLACK-CAR,(516)941-5252,,1638 NOBLE STREET EAST MEADOW NY 11554
3387,B03387,SHALOM EXPRESS CORP,BLACK-CAR,(718)437-2444,,1201   39 STREET BROOKLYN NY 11218
3618,B03618,EPIC NY LIMO INC,LUXURY,(917)288-7120,,1225 FRANKLIN AVE 325 GARDEN CITY NY 11530
1928,B01928,DISCOVER LIMO INC,BLACK-CAR,(718)851-7777,,740 MYRTLE AVENUE BROOKLYN NY 11205
2103,B02103,A & S LIMOUSINE SERVICE CORP,LIVERY,(718)455-1900,,712 BROADWAY 2ND FLOOR BROOKLYN NY 11206
3172,B03172,ALLIED BLACK CAR SERVICE LLC.,BLACK-CAR,(929)594-7566,ALLIEDBLACKCARSERVICE.COM,2825/ 2823 3RD AVENUE 6G BRONX NY 10455
3412,B03412,ALTUS TRANSIT CORP,BLACK-CAR,(718)399-4914,,548 THROGS NECK EXPRESSWAY SUIT 4 BRONX NY 10465
3043,B03043,NYM MEDICAL TRANSPORTATION INC.,LIVERY,(516)688-4182,NYMMEDICAL.COM,2809 WEBSTER AVENUE BRONX NY 10458
2127,B02127,"CONTINENTAL RIDE, INC.",LUXURY,(800)706-3495,,111 WASHINGTON AVENUE DUMONT NJ 07628
3213,B03213,PRIMARY TRANSPORTATION CORP,BLACK-CAR,(718)892-2020,WWW.PRIMARYTRANSPORTATIONCORP.COM,3451 EAST TREMONT AVENUE BRONX NY 10465
3292,B03292,PIBE TRANSPORTATION INC.,BLACK-CAR,(347)391-0707,PIBETRANSPORTATION.COM,1431 ZEREGA AVENUE BRONX NY 10462
2817,B02817,ANYTIME FORSYTH TRANSPORT CORP,BLACK-CAR,(212)431-5919,ANYTIMEFORSYTH.COM,210 CANAL STREET SUITE #406 NEW YORK NY 10013
1877,B01877,U.S.A. LIMO. INC.,LUXURY,(718)944-4919,,1751 BATH AVENUE BROOKLYN NY 11214
1341,B01341,A NEW DAY RAD DISP INC,LIVERY,(212)228-6666,,84 CLINTON STREET NEW YORK NY 10002
3077,B03077,MGL TRANSPORT01 INC,BLACK-CAR,(929)989-5585,,238 JUNIUS STREET BROOKLYN NY 11212
3127,B03127,ULTIMATE BLACK CAR CORP.,BLACK-CAR,(917)412-5000,,2296 SECOND AVENUE NEW YORK NY 10035
3176,B03176,BEE BEE LUXURY SERVICE INC.,BLACK-CAR,(786)326-2425,,663 BLAKE AVENUE BROOKLYN NY 11207
1913,B01913,MIRAGE LIMOUSINE SERVICE INC,LUXURY,(718)937-7500,,36 - 01   20 AVENUE 2ND FLOOR ASTORIA NY 11105
3693,B03693,EZGO INC,BLACK-CAR,(929)800-7829,,75-09 PARSONS BOULEVARD 2FL FLUSHING NY 11366
3355,B03355,MANA TRANSPORTATION INC.,BLACK-CAR,(347)963-9643,MANATRANSINC.COM,912 SOUNDVIEW AVENUE SUITE 7 2ND FL. BRONX NY 10473
2342,B02342,"QUEST INTERNATIONAL LIMOUSINE, INC.",BLACK-CAR,(212)265-0307,,4577  161 STREET FL 1 FLUSHING NY 11358
3284,B03284,MYLE WORLDWIDE INC,BLACK-CAR,(646)844-8577,,878 MCDONALD AVENUE BROOKLYN NY 11218
2229,B02229,NEW FAT INC.,LIVERY,(718)492-7680,WWW.ELEGANTELIVERYSERVICE.COM,14 BRUCKNER BOULEVARD BRONX NY 10454
1454,B01454,FREEDOM LIMO & CAR SERVICE,LIVERY,(718)452-5400,,96 RALPH AVENUE BROOKLYN NY 11221
3641,B03641,COZY TRAVEL OFFICIAL LLC,BLACK-CAR,(516)814-7007,,100 DUFFY AVE SUITE 510 HICKSVILLE NY 11801
2909,B02909,PUERTO RICO EXPRESS BLACK LUXURY INC,BLACK-CAR,(718)443-9600,PUERTORICOCARSERVICE.COM,1072 BROADWAY AVE BROOKLYN NY 11221
3361,B03361,D MANNY SAFE RIDE CORP.,BLACK-CAR,(718)795-7699,,2825    3 AVENUE 3RD FL SUITE 301-C4 BRONX NY 10455
3343,B03343,"GRACEFUL TRANSPORTATION, INC",BLACK-CAR,(347)846-9258,,169-30 JAMAICA AVENUE JAMAICA NY 11432
1282,B01282,NEW LOTS C/S INC,LIVERY,(718)272-2222,,729 LIBERTY AVENUE BROOKLYN NY 11208
2026,B02026,A RIDE FOR ALL LLC,LIVERY,(718)706-7433,,36-31   10 STREET ASTORIA NY 11106
3209,B03209,PARAMOUNT TRANSPORT INC.,BLACK-CAR,(718)475-2191,,729 BURKE AVENUE SUITE #B BRONX NY 10467
3267,B03267,MANGA TRANSPORTATION CORP,BLACK-CAR,(347)259-3779,,903 SHERIDAN AVENUE 2ND FLOOR BRONX NY 10451
2424,B02424,FRIENDLY RIDE INC,LUXURY,(718)545-5466,WWW.FRIENDLYRIDELIMO.COM,32-72 GALE AVENUE LIC NY 11101
3385,B03385,INTERNATIONAL LUXURY TRANSPORTATION CORP.,BLACK-CAR,(718)281-6343,,2645 EAST   14 STREET SUIT 100 BROOKLYN NY 11235
3616,B03616,CREATIVE CAR SERVICE INC,LIVERY,(718)674-2487,,144-04 LIBERTY AVENUE JAMAICA NY 11435
78,B00078,R & R ROAD LIMO SVCE INC,LUXURY,(718)585-8500,,865 EAST  138 STREET BRONX NY 10454
3676,B03676,WALTER K HURDLE,BLACK-CAR,(718)865-1488,,412 UTICA AVENUE BROOKLYN NY 11213
3056,B03056,INSPIRATION GROUP INC,BLACK-CAR,(929)235-6897,,36 ROCKLAND DR JERICHO NY 11753
1389,B01389,METRO LUXURY INC,LIVERY,(718)665-4900,,625 EAST  137 STREET BRONX NY 10454
3570,B03570,PG RIDES INC,BLACK-CAR,(929)521-1471,,169-26 HILLSIDE AVENUE JAMAICA NY 11432
2254,B02254,"FINESSE GROUP LIMOUSINE,INC.",BLACK-CAR,(718)222-9999,,424 BRIGHTON BEACH AVENUE BROOKLYN NY 11235
3340,B03340,CEO CHAUFFEURED SERVICES CORP,LUXURY,(718)200-5100,,10 HEITZ PLACE HICKSVILLE NY 11801
3413,B03413,WAV TRANSPORTATION GROUP LTD,BLACK-CAR,(718)866-4108,,336 KINGS HIGHWAY BROOKLYN NY 11223
3399,B03399,BLACKLANE NORTH AMERICA INC,LUXURY,(201)777-3235,WWW.BLACKLANE.COM,111 TOWN SQUARE PLACE SUIT # 1203 JERSEY CITY NJ 07310
2978,B02978,ONYX 1 INC,BLACK-CAR,(516)884-4782,,1225 FRANKLIN AVE 325 GARDEN CITY NY 11530
3421,B03421,A1 ABSOLUTE CORP,BLACK-CAR,(347)431-2831,,10 EAST  183 STREET BRONX NY 10453
3156,B03156,EPIC CAR SERVICE INC.,BLACK-CAR,(718)401-3742,,385 EAST  152 STREET BRONX NY 10455
3192,B03192,PERFECTION CAR SERVICE INC,BLACK-CAR,(929)343-5305,,3673 BRONXWOOD AVENUE BRONX NY 10469
1124,B01124,COOPERATIVA CLBNA DE CON INC,LIVERY,(718)699-0960,,109-20 CORONA AVENUE CORONA NY 11368
2599,B02599,CMS LIMO INC.,LUXURY,(877)267-5596,WW.CMSLIMO.COM,35 OAKLAND AVE LYNBROOK NY 11563
3608,B03608,BEST B EASY INC,BLACK-CAR,(347)517-1012,,298 GARRETSON AVENUE STATEN ISLAND NY 10305
3372,B03372,RIDE CURRENT LLC,BLACK-CAR,(347)290-5042,RIDEWITHCURRENT.COM,551-555 W 235TH STREET SUITE 2 BRONX NY 10463
3525,B03525,CARE WITH LOVE TRANSPORTATION CORP.,BLACK-CAR,(929)305-2391,,217 MOUNTAINDALE ROAD YONKERS NY 10710
2107,B02107,APOLLO RADIO DISPATCH INC.,LIVERY,(718)518-1111,,1074 PROSPECT AVENUE BRONX NY 10459
3512,B03512,440 CAR SERVICE BLACK INC,BLACK-CAR,(718)919-4040,,1266 MYRTLE AVENUE BROOKLYN NY 11221
2641,B02641,AVENUE X CAR SERVICE INC.,LIVERY,(718)336-5200,,245 AVENUE X BROOKLYN NY 11223
3307,B03307,LUXE RIDERS CORP,LUXURY,(212)655-7600,,280 RIDGE ROAD RUTHERFORD NJ 07070
3138,B03138,WST LIMOUSINE LLC,BLACK-CAR,(646)992-5578,,78 CHICHESTER RD HUNTINGTON NY 11743
3640,B03640,GOVA TRANSPORTATION CORP,BLACK-CAR,(877)887-2621,,8 WEST  126 STREET 3RD FLOOR NEW YORK NY 10027
1083,B01083,BROAD DYCKMAN C/S INC,LIVERY,(212)304-8080,,203 DYCKMAN STREET NEW YORK NY 10040
3667,B03667,SAMARKAND TRANSPORTATION GROUP INC,BLACK-CAR,(646)308-1279,STGGROUPS.COM,70 EAST SUNRISE HIGHWAY SUITE 500 VALLEY STREAM NY 11581
3263,B03263,RITZY TRANSPORTATION CORP.,BLACK-CAR,(718)313-4977,WWW.RITZYTRANSPORTATION.COM,207 WICKSHIRE DRIVE EAST MEADOWS NY 11554
2093,B02093,V.J. CAR & LIMO SVC INC.,LIVERY,(718)641-7777,,104-08  123 STREET SORICHMOND HILL NY 11419
919,B00919,HARLEM CARS INC.,LIVERY,(212)663-8080,,210 ST NICHOLAS AVENUE NEW YORK NY 10027
1616,B01616,"H & B CAR AND LIMOUSINE, INC",LIVERY,(718)507-2600,,38-12 ASTORIA BOULEVARD SOUTH ASTORIA NY 11103
3714,B03714,UNITE TRANSFER SERVICES LTD,BLACK-CAR,(929)285-0503,,75-09 PARSONS BOULEVARD 2ND FLOOR FRESH MEADOWS NY 11366
1145,B01145,ULTRA RADIO DISP INC,LIVERY,(718)992-8000,,277 EAST  165 STREET BRONX NY 10456
3594,B03594,FAMILY LUXURY INC,BLACK-CAR,(718)524-2837,,601 WEST 180 STREET STORE 3 NEW YORK NY 10033
3174,B03174,NEW HEAVEN LUXURY INC,BLACK-CAR,(212)923-1313,,1059 ST NICHOLAS AVENUE NEW YORK NY 10032
3614,B03614,LANDEY EV DISPATCH INC,BLACK-CAR,(929)415-8233,,273 SOUTH    5 STREET SUITE# 301 BROOKLYN NY 11211
1233,B01233,NEW LACONIA RAD DISP INC,LIVERY,(718)798-2222,,3934 LACONIA AVENUE BRONX NY 10466
3426,B03426,CONCINNITY TRANSPORTATION GROUP INC,BLACK-CAR,(917)916-9289,,3370 PRINCE STREET 202 FLUSHING NY 11354
3430,B03430,G-4 CAR SERVICE INC,BLACK-CAR,(347)721-9836,,909 THIRD AVENUE #66 NEW YORK NY 10022
3581,B03581,VEHO INC.,BLACK-CAR,(929)833-1505,WWW.VEHORIDE.COM,2433 KNAPP STREET SUITE 108 BROOKLYN NY 11235
3630,B03630,LAMAGE SERVICE CORPORATION,BLACK-CAR,(718)640-2608,,68 JAY STREET SUITE 201 BROOKLYN NY 11201
3643,B03643,RED ROCK CAR AND LIMO INC,BLACK-CAR,(516)776-9899,,1979 MARCUS AVE LAKE SUCCESS NY 11042
3518,B03518,TAKER INC.,BLACK-CAR,(929)595-9111,,29-02   36 AVENUE ASTORIA NY 11106
3352,B03352,DREAMS LUXURY SERVICES CORP,BLACK-CAR,(646)568-4600,,2825 THIRD AVENUE SUIT 301 D2 BRONX NY 10455
932,B00932,NATASHAS GRP CAR CORP,LIVERY,(718)574-0155,,372 WILSON AVENUE BROOKLYN NY 11221
2509,B02509,NY MINUTE CAR SERVICE INC.,LIVERY,(718)365-7777,NYMINC.COM,2809 WEBSTER AVENUE BRONX NY 10458
2536,B02536,SEAGULL RIDE CORP,LIVERY,(718)703-3333,,2692 CONEY ISLAND AVENUE BROOKLYN NY 11235
3290,B03290,VOCES TRANSPORTATION MANAGEMENT CORP,BLACK-CAR,(718)285-7501,VOCESMANAGEMENT.COM,34-18 NORTHERN BOULEVARD LIC NY 11101
3587,B03587,LUNGTA LIMO SERVICES INC,LUXURY,(347)825-8501,,1110 JOHN F KENNEDY BLVD UNION CITY NJ 07087
1546,B01546,BELLE-ROCK OF BEACH CHANNEL INC.,LIVERY,(718)634-8282,,114-04 BEACH CHANNEL DRIVE FAR ROCKAWAY NY 11694
459,B00459,910 CAR SERVICE INC,LIVERY,(718)272-2000,,866 NEW LOTS AVENUE BROOKLYN NY 11208
3530,B03530,GO TRANSFER BLACK CAR & LIMO SERVICES LLC,BLACK-CAR,(718)770-3030,,61-43  186 STREET SUITE 204 FRESH MEADOWS NY 11365
3147,B03147,H H CAR SERVICE INC,BLACK-CAR,(718)762-3333,QUEENHH.COM,35-27 FARRINGTON STREET FL 2 FLUSHING NY 11354
1406,B01406,GOTHAM CAR SERVICE INC.,LIVERY,(718)788-1234,,209   25 STREET 2ND FLOOR BROOKLYN NY 11232
3482,B03482,BUSHWICK CAR SERVICE BLACK INC.,BLACK-CAR,(718)386-5002,IN CONSTRCTION,180 KNICKERBOCKER AVENUE BROOKLYN NY 11237
3360,B03360,RIDE4NYC CORP.,BLACK-CAR,(718)540-9001,RIDE4NYC.COM,69-21  164 STREET SUITE #11 FRESH MEADOWS NY 11365
3601,B03601,MARPA LIMO LLC,BLACK-CAR,(347)855-0000,,240 KENT AVENUE 3FL SUITE 14 BROOKLYN NY 11249
3062,B03062,BQN VOUCHER INC,BLACK-CAR,(718)328-5510,,1106 GARRISON AVENUE BRONX NY 10474
3311,B03311,EDL TRANSPORTATION SERVICES LLC.,BLACK-CAR,(347)270-1668,,169 LINCOLN AVENUE SUITE #205 BRONX NY 10454
3673,B03673,MY EMPIRE LIMOUSINE LLC.,LUXURY,(800)322-2130,MYEMPIRELIMOUSINE.COM,1100 US HIGHWAY 22 NO. PLAINFIELD NJ 07066
3434,B03434,BELLA CAR SERVICE CORPORATION,BLACK-CAR,(516)986-5999,,3418 NORTHERN BOULEVARD SUITE 100 LONGISLAND CITY NY 11101
3139,B03139,MJ LUXURY INC.,BLACK-CAR,(718)278-2222,,73 MARKET STREET SUIT 374 YONKERS NY 10710
3240,B03240,ARECIBO EXPRESS INC.,BLACK-CAR,(718)399-2314,,171    5 AVENUE BROOKLYN NY 11217
3116,B03116,NAVI TRANSPORTATION INC.,BLACK-CAR,(929)299-6284,NAVITRANS.COM,125 MICHAEL DR SUITE 105 SYOSSET NY 11791
2217,B02217,PCS LIMOUSINE INC.,LUXURY,(718)821-9400,,1321 W 4TH STREET PLAINFIELD NJ 07063
222,B00222,"REYNO CAR SVC, INC.",LIVERY,(212)923-6800,,609 WEST  175 STREET NEW YORK NY 10033
3278,B03278,GEWESEN TRANSPORTATION CORP.,BLACK-CAR,(973)954-2775,WHEREGO.IO,175 VARICK STREET NEW YORK NY 10014
3050,B03050,"TORINKO NY, LLC",BLACK-CAR,(212)518-6584,,150 GREEN STREET VALLEY STREAM NY 11580
1730,B01730,LUCKY EXPRESS CORPORATION,LIVERY,(212)219-8886,WWW.LUCKYEXPRESSNYC.COM,47 LUDLOW STREET NEW YORK NY 10002
3081,B03081,DLS CAR AND LIMOUSINE SERVICE CORP,BLACK-CAR,(212)575-1426,,623 MEACHAM AVENUE ELMONT NY 11003
2756,B02756,ALLY CAR SERVICE LLC,LIVERY,(718)435-7777,,2939 AVENUE Y BROOKLYN NY 11235
3022,B03022,BLACK CAR EXPRESS.COM CORP,BLACK-CAR,(516)472-0811,WWW.BLACKCAREXPRESS.COM,8 MAPLE ST STE 4 PORT WASHINGTON NY 11050
3464,B03464,SOLEIL CITY TRANSPORTATION INC.,BLACK-CAR,(929)822-0868,,549 EAST  138 STREET 2ND FLOOR BRONX NY 10454
3681,B03681,MOIN TRANSPORTATION INC,BLACK-CAR,(718)618-5084,,720 LIBERTY AVENUE BROOKLYN NY 11208
3374,B03374,1ST SELECTION CAR SERVICE INC.,BLACK-CAR,(716)371-4400,,5612 BROADWAY BRONX NY 10463
2522,B02522,CHAUFFEURED EXECUTIVE TRANSPORTATION LLC,LUXURY,(718)846-4455,WWW.CETTODAY.COM,86-11 LEFFERTS BOULEVARD CELLAR FLOOR RICHMOND HILL NY 11418
3688,B03688,AMERICAN EXPRESS LIMO INC,LIVERY,(212)916-2639,,2433 KNAPP STREET STE.301B BROOKLYN NY 11235
3465,B03465,PRIANNAG CORP.,BLACK-CAR,(347)427-0250,,5925 RIVERDALE AVENUE BRONX NY 10471
3666,B03666,LETSFLY INC,BLACK-CAR,(929)552-2474,WWW.LETSFLYY.COM,626 REXCORP PLAZA 6TH FLOOR UNIONDALE NY 11556
3609,B03609,LUXLINK LIMO INC,LUXURY,(929)283-9258,,173 HUGUENOT STREET SUITE 200 NEW ROCHELLE NY 10801
3692,B03692,HOW TO SAVE A LIFE LLC,BLACK-CAR,(718)300-4864,FINALLYFAMOUS.NET,69 HUNGRY HARBOR RD VALLEY STREAM NY 11581
2926,B02926,SAI EXECUTIVE LIMO CORP,LUXURY,(646)920-0000,,4 DORIS RD HICKSVILLE NY 11801
3610,B03610,PARLIAMENT TRANSPORTATION INC,BLACK-CAR,(347)925-9650,,424 MARTIN LUTHER KING JR BLVD TRENTON NJ 08618
3341,B03341,STANDARDLUX INC.,BLACK-CAR,(347)336-5559,,2765 ATLANTIC AVENUE BROOKLYN NY 11207
3313,B03313,Z&T BLACK CAR INC,BLACK-CAR,(347)735-4324,WWW.ZANDTBLACKCAR.COM,182 AVENUE S BROOKLYN NY 11223
3408,B03408,ABR LUXURY TRANSPORTATION CORP.,BLACK-CAR,(347)252-3200,,3418 NORTHERN BOULEVARD SUITE 39 L.I.C. NY 11101
3726,B03726,VISION LIMO GROUP LLC,BLACK-CAR,(917)551-6647,,100 DUFFY AVE SUITE 510 HICKSVILLE NY 11801
3723,B03723,NEW ERA BLACK CAR SERVICE LLC,BLACK-CAR,(347)686-3288,WWW.NEWERABLACKCAR.COM,8 WEST  126 STREET FLOOR 3 NEW YORK NY 10027
3032,B03032,A & S LIMOUSINE SERVICE CORP,BLACK-CAR,(718)455-1900,,"687 BROADWAY 2ND FLOOR, SUITE 2 BROOKLYN NY 11206"
3258,B03258,CHERRY TRANSPORTATION NY INC.,BLACK-CAR,(718)333-0404,CHERRYMEDICALNY.COM,145-40 157TH STREET 2ND FL. JAMAICA NY 11434
2934,B02934,JUN'S LIMOUSINE AND CAR SERVICE LLC,LIVERY,(718)481-6363,,145-117 GUY R BREWER BOULEVARD JAMAICA NY 11434
1738,B01738,SAETA CAR SERVICE INC.,LIVERY,(718)899-4444,,80-01   31 AVENUE EAST ELMHURST NY 11370
3469,B03469,BINGO TRANSIT INC,BLACK-CAR,(917)217-2897,,74 OLD FARM ROAD LEVITTOWN NY 11756
3279,B03279,AMERIKANISCH SERVICES CORP.,BLACK-CAR,(347)672-6354,AMERIKANISCH.CO,1460 BROADWAY NEW YORK NY 10036
3648,B03648,LUX BST INC,BLACK-CAR,(347)806-6859,,211 EAST   43 STREET 7TH FL NEW YORK NY 10017
1779,B01779,APEX CAR & LIMO SVCE INC,BLACK-CAR,(718)522-1313,,579 SMITH STREET BROOKLYN NY 11231
3327,B03327,DAHLIA TRANSPORTATION CORP.,BLACK-CAR,(347)297-7665,,2322 ARTHUR AVENUE #210 BRONX NY 10458
3697,B03697,"ORBITS NETWORKS, INC.",BLACK-CAR,(646)612-5151,ORBITSX.COM,1800 LEXINGTON AVENUE STORE 104 NEW YORK NY 10029
2770,B02770,"CAVALIER CAR & LIMOUSINE, INC.",BLACK-CAR,(718)454-2900,CAVALIERLIMO.COM,185-08 UNION TURNPIKE FRESH MEADOWS NY 11366
3382,B03382,ALONG CAR SERVICE CORP.,LIVERY,(833)752-5664,,1161 INTERVALE AVENUE BRONX NY 10459
2050,B02050,"MAZIN  CAR & LIMO SVC., LLC",LIVERY,(718)845-0577,,125-01 LIBERTY AVENUE SORICHMOND HILL NY 11419
2762,B02762,SHOWTIME TRANSPORTATION CORP.,BLACK-CAR,(718)260-6666,,161 BRIGHTON   11 STREET BROOKLYN NY 11235
3555,B03555,VGM GOV BIZ LLC,BLACK-CAR,(347)236-3705,VOYAGERGM.COM,445 EMPIRE BOULEVARD BROOKLYN NY 11225
3353,B03353,PEACE TRANSPORTATION SERVICES INC.,BLACK-CAR,(914)740-5485,,1 WOLFS LANE SUITE 311 PELHAM NY 10803
3435,B03435,AJC CAR SERVICE CORPORATION,BLACK-CAR,(929)501-7377,,3418 NORTHERN BOULEVARD VO2 L.I.C. NY 11101
2629,B02629,CARLUX LIMO INC.,LUXURY,(866)658-0011,,110 JERICHO TURNPIKE SUITE 4 FLORAL PARK NY 11001
3627,B03627,METRO LINE BLACK CAR INC.,BLACK-CAR,(718)388-3500,,180 KNICKERBOCKER AVE BROOKLYN NY 11237
3207,B03207,QUICK AND LUXURIOUS BLACK CAR CORP,BLACK-CAR,(718)888-0438,,122-05   23 AVENUE COLLEGE POINT NY 11356
1236,B01236,BLS LIMO SVC OF NY INC,LUXURY,(718)267-5426,,18-20 STEINWAY STREET ASTORIA NY 11105
3011,B03011,GOOD DAY TRANSPORTATION INC,BLACK-CAR,(347)533-6221,GOODDAYTRANSPORT.COM,5709 FLATLANDS AVENUE BROOKLYN NY 11234
2760,B02760,VISMAR RADIO DISPATCH INC.,LIVERY,(917)473-7777,VISMARNY.COM,1040-52 FREEMAN STREET BRONX NY 10459
3575,B03575,CHAUFFEUR LUXURY V.I.P CORP.,BLACK-CAR,(646)749-2105,,169 LINCOLN AVENUE 2ND FL BRONX NY 10454
3560,B03560,ELITE BLACK CAR SERVICE INC.,BLACK-CAR,(929)705-7125,HTTPS://WWW.ELITEBCS.NET,3808 UNION STREET STE 2C FLUSHING NY 11354
1452,B01452,AREAS TRANSP INC,LIVERY,(718)967-3232,WWW.AREASTWO.COM,5230 ARTHUR KILL ROAD STATEN ISLAND NY 10307
3037,B03037,RIDE SOLUTION WORLDWIDE INC,LUXURY,(212)470-4505,,5102   21 STREET LONGISLAND CITY NY 11101
3607,B03607,BOOK A CAR INC,LUXURY,(475)242-8689,,66 MIDDLESEX AVE SUITE 204 ISELIN NJ 08830
3621,B03621,C AND M TRANSPORTATION SERVICES INC,BLACK-CAR,(646)895-9020,,3030 MIDDLETOWN ROAD SUITE 107 BRONX NY 10461
2472,B02472,NEW BUSHWICK LUXURY INC.,BLACK-CAR,(718)821-7777,,180 KNICKERBOCKER AVENUE BROOKLYN NY 11237
3520,B03520,A B O LUXURY CAR CORP,BLACK-CAR,(718)577-5565,,1560 MAYFLOWER AVENUE BRONX NY 10461
2016,B02016,PLANET LIMOUSINE LLC,LUXURY,(800)805-9251,,202 JERICHO TURNPIKE FLORAL PARK NY 11001
2535,B02535,LFS LIMO CORP.,BLACK-CAR,(646)545-9444,,1225 FRANKLIN AVE SUITE 325 GARDEN CITY NY 11530
2334,B02334,"GROUND TRAVEL SERVICES II, LTD.",BLACK-CAR,(718)366-6856,,11-11 44TH DR. FLOOR 2 SUITE H LONGISLAND CITY NY 11101
3527,B03527,ALTO OPERATIONS NEW YORK LLC,BLACK-CAR,(888)307-0174,,500    7 AVENUE NEW YORK NY 10018
3704,B03704,ARROW LIMO LLC.,BLACK-CAR,(718)766-9022,,43-39   21 STREET L.I.C. NY 11101
3545,B03545,DRIVUS INC,BLACK-CAR,(347)617-7336,,4040 CRESCENT STREET LONGISLAND CITY NY 11101
3468,B03468,ALPHA LUXURY TRANSPORTATION INC,BLACK-CAR,(646)722-5742,,1339 PROSPECT AVENUE # 4 BRONX NY 10459
3439,B03439,CLJ EXPRESS LIMO SERVICE INC,BLACK-CAR,(833)552-5466,,236 FULTON AVE SUITE 211 HEMPSTED NY 11550
3680,B03680,GUTORI LIMO CORP.,BLACK-CAR,(929)523-1190,,126 SAINT ANNS AVENUE BRONX NY 10454
95,B00095,LIBERTY CAR SERVICE INC.,LIVERY,(718)366-6666,,689 SENECA AVENUE RIDGEWOOD NY 11385
1066,B01066,DOMINICANA RAD DISP INC,LIVERY,(718)507-1700,,101-09 NORTHERN BOULEVARD EAST ELMHURST NY 11369
3691,B03691,APOLLO RADIO DISPATCH INC,BLACK-CAR,(718)518-1111,,1074 PROSPECT AVENUE BRONX NY 10459
1527,B01527,NEW FAMILY RAD DISP INC,LIVERY,(212)749-7777,,8 WEST  126 STREET 3 FLOOR NEW YORK NY 10027
3493,B03493,WOW TRANSPORT INC,BLACK-CAR,(631)896-0286,HTTPS://WOWTRANSPORTLI.COM,17 E 23RD STREET HUNTINGTON ST NY 11746
1721,B01721,W.K. CAR & LIMO SERVICE INC,LIVERY,(212)274-1166,,1206   60 STREET BROOKLYN NY 11219
1020,B01020,MICHAELS CAR SERVICE INC.,LIVERY,(718)771-3000,,311 KINGSTON AVENUE BROOKLYN NY 11213
3652,B03652,UNIDOS TRANSPORTATION CORP.,BLACK-CAR,(212)920-5043,,8 WEST  126 STREET SUITE 3H NEW YORK NY 10027
2551,B02551,CHIEF LIMO INC.,BLACK-CAR,(718)505-1919,,3708  100 STREET QUEENS NY 11368
1470,B01470,AGUILA CAR & LIMO CORPORATION,LIVERY,(718)699-8100,,51-47   69 STREET FLUSHING NY 11377
2811,B02811,M.L TRIPS CORP.,BLACK-CAR,(718)388-4242,,141 MAUJER STREET BROOKLYN NY 11206
3684,B03684,CAPITAL TRANS GROUP INC.,BLACK-CAR,(718)500-8542,,12 PEARL ST VALLEY STREAM NY 11581
3269,B03269,"KID CAR NY,LLC",BLACK-CAR,(212)862-7233,,941-945 YONKERS AVE YONKERS NY 10704
1995,B01995,NYMEX UNO EXECUTIVE SEDAN'S INC,LIVERY,(718)786-1000,,90-03   31 AVENUE EAST ELMHURST NY 11369
3568,B03568,JET SET LIMO TRANSPORT INC.,BLACK-CAR,(929)257-8163,,41 GLAZER LN LEVITTOWN NY 11756
3160,B03160,"CURB TRANSPORTATION SERVICES,LLC",BLACK-CAR,(718)701-1317,WWW.CURBTRANSPORTATION.COM,11-11   34 AVENUE ASTORIA NY 11106
1009,B01009,UNITED LIMO C/M SVC CORP,LIVERY,(718)387-6175,,208 ROSS STREET BROOKLYN NY 11211
3660,B03660,EASE EXPRESS INC.,BLACK-CAR,(646)914-7702,,8 WEST  126 STREET SUITE#3B NEW YORK NY 10027
2167,B02167,MADISON LIMOUSINE INC,BLACK-CAR,(718)767-9210,,18-31 COLLEGE POINT BOULEVARD COLLEGE POINT NY 11356
2460,B02460,CABOT LIMO NY CORP.,LUXURY,(718)464-6666,,212-03 UNION TURNPIKE FLUSHING NY 11364
3210,B03210,DUNAMIS CARE CAR SERVICE CORP.,BLACK-CAR,(718)992-2222,,388 EAST  169 STREET BRONX NY 10456
3625,B03625,CUATRO SONS INC,LUXURY,(607)303-9398,,3217 PLANK ROAD MINEVILLE NY 12956
3672,B03672,ROYAL TRANSPORT NY INC.,BLACK-CAR,(718)569-7646,WWW.ROYALTRANSPORTNY.COM,261 UNIONDALE AVE UNIONDALE NY 11553
3301,B03301,ELITE COACH INC.,LUXURY,(718)472-2600,WWW.ELITENY.COM,32-72 GALE AVENUE L.I.C. NY 11101
3682,B03682,"RC TRANSPORTATION MANAGEMENT, INC.",BLACK-CAR,(800)270-0079,WWW.RCTRANSMGMT.COM,148 RANDHURST VILLAGE DRIVE SUITE #222 MOUNT PROSPECT IL 60056
3507,B03507,GOLDEN BIRD LIMOUSINES LLC,LUXURY,(917)983-6220,,103 N. MAIN STREET ISELIN NJ 08830
1768,B01768,NEW SUPERIOR RADIO GRP CORP,LIVERY,(718)618-0093,WWW.NEWSUPERIORTAXI.COM,1748 EAST TREMONT AVENUE BRONX NY 10460
3475,B03475,VOYAGER'S TRANSPORTATION INC,BLACK-CAR,(718)487-3000,,120-19 JAMAICA AVENUE SUIT 21 JAMAICA NY 11418
1280,B01280,BENSONHURST RIDE INC.,LIVERY,(718)946-1111,,2134   86 STREET BROOKLYN NY 11214
1200,B01200,NEW YORK APPLE CAR SERVICE INC,LIVERY,(718)455-2121,,1126 BUSHWICK AVENUE BROOKLYN NY 11221
2727,B02727,OSCAR LIMOUSINE INC,LUXURY,(877)345-1683,,3646 PRAIRIE PATH BETHPAGE NY 11714
1479,B01479,PRATT CAR SERVICE INC,LIVERY,(718)789-4900,,175 TOMPKINS AVENUE BROOKLYN NY 11206
2728,B02728,NEWTOWN PRIVATE CAR SERVICE INC.,LIVERY,(718)798-7802,NEWTOENPRIVATECARSERVICE.WEEBLY.COM,3443 BAYCHESTER AVENUE BRONX NY 10469
2634,B02634,VETERANS RADIO DISPATCHER CORP.,LIVERY,(718)364-7878,,131 KINGSBRIDGE ROAD BRONX NY 10468
3117,B03117,RELY-ON-US CAR SERVICE INC,BLACK-CAR,(347)294-8602,,250 JACKSON AVENUE BRONX NY 10454
1340,B01340,UNICAR COMPANY INC,LIVERY,(718)328-4444,,2112 WESTCHESTER AVENUE BRONX NY 10462
3474,B03474,MAGNOLIA TRANSPORT INC,LUXURY,(516)395-0720,,26 ERNST AVE HICKSVILLE NY 11801
756,B00756,T & S HILLSIDE INC.,LIVERY,(718)658-5252,REDCAPCARSERVICE.COM,169-08 HILLSIDE AVENUE 2ND FLOOR JAMAICA NY 11432
3456,B03456,3DI INC,BLACK-CAR,(516)325-0390,,45 DOVER ST MASSAPEQUA NY 11758
1963,B01963,AFRO CAR SERVICE CORP,LIVERY,(718)342-4200,,73 HEGEMAN AVENUE BROOKLYN NY 11212
1306,B01306,"R N D TRANSPORTATION, INC.",LIVERY,(718)383-1500,,135 GREENPOINT AVENUE BROOKLYN NY 11222
1300,B01300,KENNEDY RAD DISP INC,LIVERY,(212)234-8000,,3696 BROADWAY NEW YORK NY 10031
3126,B03126,YUR DRIVERS NETWORK INC,BLACK-CAR,(201)987-5702,WWW.YURDRIVERS.INFO,151 WEST PASSAIC ST 2ND FL ROCHELLE PARK NJ 07662
3717,B03717,SNAP AND DONE INC,BLACK-CAR,(929)323-5757,,147 PRINCE STREET 4/4C BROOKLYN NY 11201
3409,B03409,COAST TO COAST TRANSFERS LLC,BLACK-CAR,(917)305-2484,WWW.CTCTRANSFERS.COM,38-17 CRESCENT STREET L.I.C. NY 11101
2416,B02416,"NEW STORM CAR SERVICE, INC.",LIVERY,(718)727-6464,,700 POST AVENUE STATEN ISLAND NY 10310
2546,B02546,X RADIO DISPATCHER INC.,LIVERY,(718)328-3434,XRADIODISPATCHER.COM,1161 SOUTHERN BOULEVARD BRONX NY 10459
2573,B02573,SUNSET PARK CAR SERVICE INC,LIVERY,(718)438-6262,,4409    5 AVENUE BROOKLYN NY 11220
3508,B03508,ALLCOMFORT NY CORP,LUXURY,(646)379-5539,,130 CHARLES ST FLORAL PARK NY 11001
2613,B02613,NYC STAR LIMOUSINE & CAR SERVICES CORP.,LIVERY,(718)277-7777,WWW.NYCSTARCARSERVICE.COM,3440 ATLANTIC AVENUE BROOKLYN NY 11208
975,B00975,"T.J.Q. CAR SERVICE, INC.",LIVERY,(718)629-2540,,4912 AVENUE D BROOKLYN NY 11203
3701,B03701,EXO TRANSIT CORP,BLACK-CAR,(347)269-6977,,2040 WEBSTER AVENUE BRONX NY 10457
3707,B03707,VIP MOTORS GROUP INC.,BLACK-CAR,(718)506-2300,,245 AVENUE X BROOKLYN NY 11223
3596,B03596,BULLS TRANSPORTATION OF NY INC.,BLACK-CAR,(718)663-9481,,4123 MURRAY STREET STE 201 FLUSHING NY 11355
3629,B03629,PERFILES TRANSPORTATION INC,BLACK-CAR,(212)651-4604,,740 MORRIS PARK AVENUE BRONX NY 10462
3524,B03524,JURNY TECHNOLOGIES LLC,BLACK-CAR,(212)333-3333,,241   37 STREET #1-4-B460 BROOKLYN NY 11232
3287,B03287,2S LUXURY INC.,BLACK-CAR,(718)634-2222,,91-15 ROCKAWAY BEACH BOULEVARD FAR ROCKAWAY NY 11693
1871,B01871,"ALPINE LIMOUSINE SERVICE, INC.",LUXURY,(201)373-9599,WWW.ALPHINELIMOUSINENYC.COM,1155 HILLSBORO MILE SUITE 108 HILLSBORO BEACH FL 33062
112,B00112,"AYY&M TRANSPORTATION, LLC",LIVERY,(718)680-2500,,9425    5 AVENUE BROOKLYN NY 11209
2920,B02920,AMAZING CAR AND LIMO SERVICE INC,LIVERY,(718)942-5959,,1903 WEST FARMS ROAD BRONX NY 10460
3622,B03622,RIDECO INC.,BLACK-CAR,(929)601-7010,RIDECOINC.US,175 PEARL STREET FLOOR 1-3 BROOKLYN NY 11201
1346,B01346,ARECIBO C/S INC,LIVERY,(718)783-6465,WWW.ARECIBOCC.COM,171    5 AVENUE BROOKLYN NY 11217
2725,B02725,KIRIN TRANSPORTATION INC,BLACK-CAR,(718)799-0707,,33-70 PRINCE STREET #703 FLUSHING NY 11354
888,B00888,ACE C/L SVCE INC,BLACK-CAR,(718)633-4500,WWW.EXECUTIVECHARGE.COM,1751 BATH AVENUE BROOKLYN NY 11214
3424,B03424,LILIAS LUXURY CORP,BLACK-CAR,(718)577-7471,,295 KNICKERBOCKER AVENUE BROOKLYN NY 11237
3335,B03335,ADARA NEMT CORP,BLACK-CAR,(929)565-5001,ADARANEMT.COM,3100 47TH AVENUE SUITE 3100 L.I.C. NY 11101
1118,B01118,INTERNATIONAL CAR SERVICE INC.,LIVERY,(718)230-0808,,623 WASHINGTON AVENUE BROOKLYN NY 11238
3459,B03459,J & J GREEN LINE LLC,LUXURY,(888)454-5151,,125 MICHAEL DRIVE SUIT 105 OFFICE 50 SYOSSET NY 11791
3588,B03588,TRANSMOBILITY FAMILY SYSTEM CORP,BLACK-CAR,(845)536-0076,,215 S 9TH AVE 4B MOUNT VERNON NY 10550
1980,B01980,"READY TO ROLL TRANSPORTATION, INC.",LUXURY,(212)714-1900,WWW.READYTOROLL.COM,865 EAST  138 STREET BRONX NY 10454
559,B00559,7 OCEAN EXPRESS INC.,LIVERY,(718)266-3333,,2111 AVENUE Z BROOKLYN NY 11235
3582,B03582,ESTHER CAR SERVICES LLC,BLACK-CAR,(718)414-2233,,3498 JEROME AVENUE BRONX NY 10467
2311,B02311,FAST CITY CAR & LIMO SVC INC.,LIVERY,(718)282-0973,,3616 CHURCH AVENUE BROOKLYN NY 11203
3541,B03541,BLACK RIDE INC,LUXURY,(631)552-5679,,13-11   44 AVENUE LONG ISLANDCITY NY 11101
3422,B03422,CTG LOGISTICS INC.,BLACK-CAR,(917)667-2847,,241   37 STREET 1-4-B443 BROOKLYN NY 11232
3551,B03551,IMMACULATE LIMO INC,LUXURY,(347)332-9607,IMMACULATELIMO.COM,3324 LONG BEACH ROAD OCEANSIDE NY 11572
3273,B03273,ELEGANT LUXURY LIMO LLC,LUXURY,(855)888-8595,,266 JERICHO TURNPIKE FLORAL PARK NY 11001
3298,B03298,MI BELLA PUEBLA EXPRESS INC.,BLACK-CAR,(718)458-7373,,69-35   51 AVENUE WOODSIDE NY 11377
3653,B03653,NY TULUM EXPRESS INC.,BLACK-CAR,(718)339-2550,,2045 MCDONALD AVENUE BROOKLYN NY 11223
2557,B02557,185 MALTA CAR SERVICE LLC,LIVERY,(718)759-6777,,9104 AVENUE L UNIT B BROOKLYN NY 11236
3613,B03613,EXPRESS LIMO INC,LUXURY,(516)620-3888,,100 DUFFY AVE SUITE 510 HICKSVILLE NY 11801
3113,B03113,MIKE'S VIP TRANSPORTATION INC.,BLACK-CAR,(718)699-4322,,5147   69 STREET FLUSHING NY 11377
2240,B02240,NEW APPLE TRANS. INC.,BLACK-CAR,(212)888-9999,,33-70 PRINCE STREET #601 FLUSHING NY 11354
3542,B03542,SANTANARIDE LLC,BLACK-CAR,(877)432-9712,,73 MARKET STREET SUITE 376 YONKERS NY 10710
445,B00445,JOE M LEASING CORP,LIVERY,(718)746-2222,WWW.FOURTWOS.COM,150-39   14 AVENUE 2ND FLOOR WHITESTONE NY 11357
3281,B03281,JARPA TRANSPORTATION CORP.,BLACK-CAR,(718)635-0047,WWW.JARPATRANSPORTATION.COM,2825 THIRD AVENUE SUITE 301 BRONX NY 10455
3559,B03559,GDA TRANSPORTATION INC,BLACK-CAR,(929)651-0121,IN PROGRESS,175 PEARL STREET BROOKLYN NY 11201
3665,B03665,MEDSYS TRANSPORTATION INC,BLACK-CAR,(718)812-4945,MEDSYSLIMO.COM,390 HILLSIDE AVENUNE NEW HYDE PARK NY 11040
3567,B03567,GO CAR CORP.,LIVERY,(718)387-7777,WWW.GOCARNY.COM,670 FLUSHING AVENUE #219 BROOKLYN NY 11206
536,B00536,"WINTHROP HOLDING OF NEW YORK, INC",LIVERY,(718)209-1616,,5924 GLENWOOD ROAD BROOKLYN NY 11234
3597,B03597,GE 7 EXPRESS INC,BLACK-CAR,(347)785-4272,,175 PEARL STREET BROOKLYN NY 11201
2803,B02803,OUTSIDE'S CAR SERVICE INC.,LIVERY,(646)363-7027,,1975 LAFONTAINE AVENUE BRONX NY 10457
2897,B02897,FC LIMOUSINE INC,LUXURY,(212)653-0087,,85 - 56  118 STREET KEW GARDENS NY 11415
3718,B03718,AMERICAN RADIO DISPATCH CORP,BLACK-CAR,(718)665-7777,,2207 JEROME AVENUE BASEMENT BRONX NY 10453
3415,B03415,BRONX FAMILY TRANSPORTATION INC,BLACK-CAR,(347)591-2002,,169 LINCOLN AVENUE SUITE 206 BRONX NY 10454
2806,B02806,WIZ LIMO TRANSIT INC.,BLACK-CAR,(718)969-5555,WWW.EPICLIMO1.COM,147-13 UNION TURNPIKE FLUSHING NY 11367
3657,B03657,STARLING CAR SERVICE LLC,BLACK-CAR,(718)612-8825,WWW.STARLINGCARSERVICE.COM,2115 STARLING AVENUE FL 2 BRONX NY 10462
1663,B01663,CIBAO RADIO DISPATCH,LIVERY,(718)478-2300,,112-44 ROOSEVELT AVENUE FLUSHING NY 11368
1013,B01013,AMERICANA TRANSPORTATION LLC,LIVERY,(718)449-1111,WWW.JCL-NYLIMO.COM,282 AVENUE U BROOKLYN NY 11223
3602,B03602,BLACK DIAMOND LIMO SERVICE INC,BLACK-CAR,(718)673-0306,,238 JUNIUS STREET BROOKLYN NY 11212
1868,B01868,LIMO 4 LLC,LIVERY,(212)444-4444,,36-31   10 STREET ASTORIA NY 11106
3114,B03114,PRAISE RIDE INC.,BLACK-CAR,(347)579-3828,,38 WAVERLY AVENUE BROOKLYN NY 11205
639,B00639,ROCAPULCO CAR SERVICE INC.,LIVERY,(718)474-7100,,239 BEACH  116 STREET ROCKAWAY PARK NY 11694
3598,B03598,SILVERCHA INC,BLACK-CAR,(718)888-2020,,162-13   46 AVENUE SUITE 2C FLUSHING NY 11358
2677,B02677,"A.T.B. CAR AND LIMOUSINE SERVICE, INC.",LIVERY,(718)485-4444,,866 NEW LOTS AVENUE BROOKLYN NY 11208
3577,B03577,AMERICAN EXPRESS LIMO INC.,BLACK-CAR,(212)916-2639,WWW.AMEX-LIMO.COM,2433 KNAPP STREET SUITE 301-B BROOKLYN NY 11235
3366,B03366,DESHI TRANSPORTATION INC.,BLACK-CAR,(347)416-4996,,83-10 ROCKAWAY BOULEVARD JAMAICA NY 11416
3463,B03463,APOYO TRANSPORTATION LLC,BLACK-CAR,(347)947-5455,APOYOTRANSPORTATION.COM,2929 3RD AVENUE 4TH FLOOR BRONX NY 10455
2699,B02699,PRESIDENTIAL LUXURY LIMO INC.,BLACK-CAR,(718)707-9999,,50-19   49 STREET WOODSIDE NY 11377
2517,B02517,LOS PAISANOS LUXURY C/S INC.,BLACK-CAR,(718)445-2222,,8 ST PAULS AVENUE STATEN ISLAND NY 10301
2228,B02228,SPECIAL RADIO DISP.CORP.,LIVERY,(212)666-3939,,72 WEST  109 STREET NEW YORK NY 10025
3457,B03457,MERAKI TRANSPORTATION NYC LLC,BLACK-CAR,(212)634-9224,,5030 BROADWAY SUITE 632 NEW YORK NY 10034
3111,B03111,"SELECT TRANS,INC",BLACK-CAR,(718)514-7778,SELECTTRANSNYC.COM,34-18 NORTHERN BOULEVARD UNIT 3-44 LONGISLAND CITY NY 11101
2279,B02279,MATAMOROS CAR SERVICE INC.,LIVERY,(718)390-0035,,1017 POST AVENUE STATEN ISLAND NY 10302
3642,B03642,EL AGUILA LUXURY INC,BLACK-CAR,(917)245-4586,,1709   79 STREET BROOKLYN NY 11214
3115,B03115,TAHA INC.,BLACK-CAR,(347)757-4656,,100 S.BEDFORD RD MOUNT KISCO NY 10549
1625,B01625,GLOBE CAR SERVICE INC,LIVERY,(718)847-3500,,112-06  101 AVENUE SORICHMOND HILL NY 11419
3547,B03547,AMERICAN ONE TRANSPORTATION INC,BLACK-CAR,(917)672-2662,,621 BRIGHTON BEACH AVENUE SUIT 104 BROOKLYN NY 11235
350,B00350,A & A CHAMPION CAR LIMO SVC INC,LIVERY,(718)779-8080,WWW.CHAMPIONCARANDLIMO.COM,107-04   37 AVENUE CORONA NY 11368
3678,B03678,ADJ NEW TRANSPORTATION INC,BLACK-CAR,(929)800-0768,,621 BRIGHTON BEACH AVENUE 1ST FLOOR BROOKLYN NY 11235
3233,B03233,COMPASS TRANSPORTATION GROUP WORLDWIDE INC,LUXURY,(646)868-9027,,1225 FRANKLIN AVE 325 GARDEN CITY NY 11530
3128,B03128,RIDE SMART CORP.,BLACK-CAR,(914)699-0785,,8 E PROSPECT AVENUE STE#C MOUNT VERNON NY 10550
3611,B03611,NOMSKI TRANSPORTATION LLC,BLACK-CAR,(718)483-8740,,584 NOSTRAND AVENUE BROOKLYN NY 11216
3533,B03533,INTREPID LUXURY INC.,BLACK-CAR,(347)801-8300,,46 GRAMATAN AVE SUITE 1033 MOUNT VERNON NY 10550
3357,B03357,A & T PRECISE CORPORATION,BLACK-CAR,(917)775-2282,,221 WINFRED AVENUE YONKERS NY 10704
2787,B02787,SEMPERIDE LLC,BLACK-CAR,(718)350-9591,WWW.SEMPERIDE.COM,85 BROAD STREET 27TH FLOOR NEW YORK NY 10004
906,B00906,OLYMPIA OPERATING CAR SERVICE OF NY CORP.,LIVERY,(718)626-8000,OLYMPICCARSERVICE.COM,23 - 90   23 STREET ASTORIA NY 11105
1944,B01944,"DAG NETWORK TRANSPORTATION,CORP",LUXURY,(212)279-1700,WWW.UNIVERSALLIMO.NET,3713 WILLOWWICK PARK DR WILMINGTON NC 28409
2110,B02110,"OPTIMUM CAR & LIMO, INC.",BLACK-CAR,(718)690-9128,,241   37 STREET STE# 1-4-B443 BROOKLYN NY 11232
1553,B01553,CITY LINE CAR SERVICE INC,LIVERY,(718)848-5555,WWW.CITYLINECARS.COM,80-06  101 AVENUE OZONE PARK NY 11416
3064,B03064,AP LUXURY LIMOUSINE INC,LUXURY,(917)330-8822,,1225 FRANKLIN AVE STE 325 GARDEN CITY NY 11530
619,B00619,"HOLA CAR SERVICE,INC.",LIVERY,(718)364-6666,HOLACARSERVICE.COM,4371    3 AVENUE BRONX NY 10457
3144,B03144,JUST A MOMENT CAR SERVICE INC,BLACK-CAR,(646)379-3071,,3100   47 AVENUE STE 3100 LIC NY 11101
1349,B01349,CAPRICORN LIMO SVC INC,LUXURY,(718)729-3000,WWW.CAPRICORNLUXURY.COM,43-24   37 STREET LIC NY 11101
3654,B03654,COLIBRI SERVICES LLC.,BLACK-CAR,(646)348-4591,,276    5 AVENUE #704 NEW YORK NY 10001
1537,B01537,S.I. SPEED INC.,LIVERY,(718)227-6666,SPEEDCARSERICESI@GMAIL.COM,16 GIFFORDS LANE STATEN ISLAND NY 10308
1288,B01288,NEW ELEGANTE CAR SERVICE INC,LIVERY,(718)492-7680,WWW.ELEGANTETS.COM,14 BRUCKNER BOULEVARD BRONX NY 10454
3516,B03516,ZZAMAN GROUP INC,LUXURY,(347)792-4682,,80 W SUNRISE HWAY VALLEY STREAM NY 11581
1269,B01269,DIVISION CAR & LIMO INC.,LIVERY,(718)599-5555,,204 DIVISION AVENUE BROOKLYN NY 11211
1088,B01088,PAISA 2 CAR  AND LIMOUSINE SERVICE INC,LIVERY,(718)478-7700,WWW.PAISA2CARSERVICE.COM,37-08  100 STREET CORONA NY 11368
3370,B03370,ANDREW TRANSPORTATION CORP,BLACK-CAR,(646)281-0962,ANDREWTRANSPORTATION.COM,1 WEST  182 STREET BASEMENT BRONX NY 10453
2999,B02999,"TEST,TEST,TEST",BLACK-CAR,(718)391-0002,,33 BEAVER STREET NEW YORK NY 10503
2832,B02832,NYC FLY WHEELS INC.,LIVERY,(718)423-1111,WWW.NYCFLYWHEELS.COM,208-01 NORTHERN BOULEVARD SUITE #4B FLUSHING NY 11361
3107,B03107,JD XPRESS INC.,BLACK-CAR,(347)508-4118,,118 - 35 QUEENS BOULEVARD SUITE #400 FOREST HILLS NY 11375
2391,B02391,"BAYRIDGE EXPRESS, INC",LIVERY,(718)680-7000,,377 BAYRIDGE AVENUE BROOKLYN NY 11220
2989,B02989,GOOD FRIENDS CAR SERVICE INC,BLACK-CAR,(718)321-8282,GOODFRIENDSCAR.COM,158-14 NORTHERN BOULEVARD UNIT#UL-3 FLUSHING NY 11358
3540,B03540,HOLLA CAR & LIMO LLC,BLACK-CAR,(929)250-4508,WWW.CARLINK.NYC,360 NEW DORP LANE STATEN ISLAND NY 10306
3363,B03363,RAIN SOLUTION INC,BLACK-CAR,(646)396-7060,,73 MARKET STREET 3FL. STE 376 YONKERS NY 10710
3441,B03441,ROYAL EXECUTIVE LIMO INC,LUXURY,(917)277-3356,,1378 SWEETMAN AVE 2 ELMONT NY 11003
1315,B01315,"V.I.T. CAR SERVICE, INC.",LIVERY,(718)904-8057,,1478 WHITE PLAINS ROAD BRONX NY 10462
1958,B01958,ST.ALBANS-HOLLIS CAR SERVICE INC.,LIVERY,(718)479-0400,,199-30 HOLLIS AVENUE ST. ALBANS NY 11412
1332,B01332,SKYWAY CAR SERVICE EXPRESS INC.,LIVERY,(718)358-5858,,68-20A FRESH MEADOW LANE FRESH MEADOWS NY 11365
3566,B03566,CHARISMA TRANSPORTATION CORP.,BLACK-CAR,(315)662-1180,HTTPS://WWW.CHARSIMATRANSPORT.COM,73 MARKET STREET #376 YONKERS NY 10710
3268,B03268,NEZA EXPRESS INC.,BLACK-CAR,(718)273-7611,NEZAEXPRESS1@.WEB,1841 FOREST AVENUE STATEN ISLAND NY 10303
3550,B03550,BROADWAY CAR SERVICE INC,BLACK-CAR,(914)299-3605,,95 RIVERDALE AVE #B309 YONKERS NY 10701
3256,B03256,JETSET TRANSPORTATION CORP.,BLACK-CAR,(347)566-7735,,390 TIFFANY STREET BRONX NY 10474
3635,B03635,NEW HEIGHTS TRANSPORTATION INC,BLACK-CAR,(646)719-5505,,2094 AMSTERDAM AVENUE SUITE D NEW YORK NY 10032
3558,B03558,GEORGIAN JUNIORS CORP.,BLACK-CAR,(347)305-3976,,3918   13 AVENUE BROOKLYN NY 11218
2397,B02397,CHICO EXPRESS CORP. 2,LIVERY,(718)236-7777,,6318   14 AVENUE BROOKLYN NY 11219
290,B00290,ZPI CORPORATION,LIVERY,(718)507-6363,,112-47 ROOSEVELT AVENUE CORONA NY 11368
3197,B03197,LIMO TRIBE INC,LUXURY,(516)661-7921,,2500 7TH STREET EAST MEADOW NY 11554
2507,B02507,SARAH VENTURES INC.,BLACK-CAR,(347)303-0625,,2823 FREDERICK DOUGLASS BOULEVARD NEW YORK NY 10039
3590,B03590,BLINKRIDE LLC,LIVERY,(212)763-6400,,3272 GALE AVENUE LONGISLAND CITY NY 11101
3486,B03486,OCCSER LLC,BLACK-CAR,(347)875-0005,,3918   13 AVENUE BROOKLYN NY 11218
2182,B02182,"FINEST CAR SERVICE, LLC",LIVERY,(718)643-6466,,335 BOND STREET BROOKLYN NY 11231
1606,B01606,LA MEXICANA EXPRESS INC.,LIVERY,(718)437-5555,,4611    5 AVENUE BROOKLYN NY 11220
3316,B03316,BLADE URBAN GROUND MOBILITY LLC.,BLACK-CAR,(914)337-5500,WWW.BLADE.FLYBLADE.COM,39 EDGEWOOD LANE BRONXVILLE NY 10708
2163,B02163,JUNIORS EXPRESS CAR SERVICE INC.,LIVERY,(718)859-1155,,1509 CORTELYOU ROAD BROOKLYN NY 11226
